15:00:10,18.17,--,91,166873
15:00:00,18.17,--,799,1451855
14:59:55,18.17,--,3101,5634735
14:59:45,18.17,--,976,1773392
14:59:40,18.17,--,651,1184393
14:59:35,18.17,--,984,1787928
14:59:30,18.17,--,628,1141366
14:59:25,18.17,--,2769,5032944
14:59:14,18.17,--,1222,2220519
14:59:09,18.17,--,2481,4509648
14:58:59,18.17,--,1209,2198424
14:58:54,18.17,--,2079,3777615
14:58:44,18.17,--,710,1290215
14:58:39,18.17,--,1166,2118767
14:58:34,18.17,--,1238,2249591
14:58:29,18.17,--,962,1749552
14:58:24,18.17,--,1249,2271104
14:58:19,18.17,--,1945,3535736
14:58:09,18.17,--,1630,2961855
14:57:59,18.17,--,984,1789672
14:57:54,18.17,--,1962,3565390
14:57:44,18.17,--,9752,17719384
14:57:39,18.17,--,2772,5038177
14:57:29,18.17,--,2934,5331223
14:57:14,18.17,--,1247,2265871
14:57:09,18.17,--,1312,2383904
14:57:04,18.17,--,5424,9855408
14:56:54,18.17,--,607,1102991
14:56:49,18.17,--,9913,18013592
14:56:44,18.17,--,895,1626287
14:56:39,18.17,--,999,1815255
14:56:34,18.17,--,2240,4070080
14:56:24,18.17,--,727,1321031
14:56:19,18.17,--,610,1109968
14:56:14,18.17,--,5392,9797264
14:56:09,18.17,--,699,1271609
14:56:04,18.17,--,2283,4148574
14:55:49,18.17,--,914,1662336
14:55:49,18.17,--,1180,2144350
14:55:44,18.17,--,1155,2100161
14:55:39,18.17,--,1540,2798470
14:55:34,18.17,--,729,1326264
14:55:29,18.17,--,1072,1947824
14:55:24,18.17,--,10032,18229888
14:55:19,18.17,--,820,1490230
14:55:14,18.17,--,1434,2607176
14:55:04,18.17,--,1147,2085625
14:54:59,18.17,--,2556,4644542
14:54:49,18.17,--,1287,2338551
14:54:44,18.17,--,416,755872
14:54:39,18.17,--,936,1700712
14:54:33,18.17,--,874,1589656
14:54:28,18.17,--,617,1122760
14:54:23,18.17,--,745,1354173
14:54:18,18.17,--,658,1197184
14:54:13,18.17,--,781,1419295
14:54:08,18.17,--,1428,2596129
14:54:03,18.17,--,920,1671640
14:53:58,18.17,--,703,1277423
14:53:53,18.17,--,783,1422783
14:53:48,18.17,--,960,1746064
14:53:43,18.17,--,945,1718736
14:53:38,18.17,--,1992,3619464
14:53:28,18.17,--,1039,1887935
14:53:23,18.17,--,2147,3901462
14:53:13,18.17,--,1354,2461816
14:53:08,18.17,--,1137,2067600
14:52:58,18.17,--,726,1319287
14:52:58,18.17,--,1779,3233969
14:52:53,18.17,--,7312,13285904
14:52:43,18.17,--,690,1254166
14:52:38,18.17,--,1172,2130977
14:52:33,18.17,--,658,1196022
14:52:28,18.17,--,1032,1876888
14:52:23,18.17,--,1015,1844327
14:52:18,18.17,--,1821,3310137
14:52:08,18.17,--,796,1446622
14:52:03,18.17,--,2972,5401577
14:51:48,18.17,--,2032,3692144
14:51:38,18.17,--,866,1573958
14:51:33,18.17,--,1087,1975151
14:51:25,18.17,--,592,1075664
14:51:20,18.17,--,2468,4485809
14:51:10,18.17,--,2147,3901462
14:51:05,18.17,--,861,1565817
14:51:00,18.17,--,1088,1976896
14:50:55,18.17,--,1052,1911774
14:50:50,18.17,--,632,1150088
14:50:44,18.17,--,704,1279168
14:50:34,18.17,--,881,1602448
14:50:34,18.17,--,976,1775136
14:50:29,18.17,--,1109,2015271
14:50:24,18.17,--,843,1533257
14:50:19,18.17,--,1306,2373438
14:50:14,18.17,--,956,1738505
14:50:09,18.17,--,1709,3105471
14:49:59,18.17,--,525,954143
14:49:59,18.17,--,1156,2101905
14:49:54,18.17,--,941,1710015
14:49:49,18.17,--,1388,2523449
14:49:44,18.17,--,1395,2535078
14:49:39,18.17,--,3795,6897041
14:49:34,18.17,--,1253,2276919
14:49:29,18.17,--,917,1666407
14:49:24,18.17,--,950,1727458
14:49:19,18.17,--,688,1250096
14:49:14,18.17,--,771,1401270
14:49:09,18.17,--,852,1549537
14:49:04,18.17,--,1172,2129814
14:48:59,18.17,--,949,1724551
14:48:54,18.17,--,829,1507673
14:48:49,18.17,--,876,1591982
14:48:44,18.17,--,815,1480927
14:48:39,18.17,--,2425,4407896
14:48:34,18.17,--,1163,2114697
14:48:29,18.17,--,1511,2745559
14:48:24,18.17,--,1598,2903711
14:48:19,18.17,--,2080,3781104
14:48:14,18.17,--,613,1114039
14:48:09,18.17,--,1039,1887935
14:48:04,18.17,--,880,1598960
14:47:59,18.17,--,1091,1983873
14:47:54,18.17,--,815,1480927
14:47:49,18.17,--,1620,2943830
14:47:44,18.17,--,1300,2363553
14:47:39,18.17,--,789,1433831
14:47:34,18.17,--,1505,2736256
14:47:24,18.17,--,952,1729784
14:47:24,18.17,--,1186,2156560
14:47:19,18.17,--,1459,2651366
14:47:14,18.17,--,1356,2465305
14:47:09,18.17,--,1458,2649622
14:47:04,18.17,--,1539,2797889
14:46:58,18.17,--,1846,3354327
14:46:53,18.17,--,925,1680943
14:46:43,18.17,--,2272,4129968
14:46:43,18.17,--,631,1146599
14:46:33,18.17,--,1976,3590392
14:46:33,18.17,--,1292,2349017
14:46:28,18.17,--,953,1733272
14:46:23,18.17,--,2912,5291104
14:46:18,18.17,--,815,1480927
14:46:13,18.17,--,1624,2952552
14:46:08,18.17,--,1125,2044343
14:46:03,18.17,--,808,1469880
14:45:58,18.17,--,724,1315798
14:45:53,18.17,--,1587,2885105
14:45:48,18.17,--,1232,2238544
14:45:43,18.17,--,7515,13655118
14:45:38,18.17,--,1931,3510153
14:45:33,18.17,--,1326,2409487
14:45:28,18.17,--,1222,2220519
14:45:23,18.17,--,1052,1912937
14:45:18,18.17,--,936,1700712
14:45:13,18.17,--,1060,1926310
14:45:08,18.17,--,1250,2272848
14:45:03,18.17,--,1266,2301920
14:44:58,18.17,--,1152,2093184
14:44:53,18.17,--,4072,7398824
14:44:48,18.17,--,1570,2853126
14:44:43,18.17,--,803,1460577
14:44:38,18.17,--,1415,2571127
14:44:33,18.17,--,1254,2278663
14:44:28,18.17,--,1033,1878632
14:44:23,18.17,--,1298,2360064
14:44:18,18.17,--,1683,3058374
14:44:13,18.17,--,1804,3279321
14:44:03,18.17,--,2682,4873630
14:44:03,18.17,--,1703,3094423
14:43:53,18.17,--,2169,3942744
14:43:53,18.17,--,2737,4974800
14:43:48,18.17,--,1802,3275832
14:43:43,18.17,--,2888,5247496
14:43:38,18.17,--,1646,2990927
14:43:33,18.17,--,2396,4353822
14:43:28,18.17,--,1475,2681601
14:43:23,18.17,--,1943,3530503
14:43:18,18.17,--,2503,4548023
14:43:12,18.17,--,1774,3223503
14:43:07,18.17,--,3864,7020888
14:43:02,18.17,--,3169,5759744
14:42:57,18.17,--,2370,4307888
14:42:52,18.17,--,2612,4746294
14:42:47,18.17,--,2875,5225401
14:42:37,18.17,--,6457,11734040
14:42:37,18.17,--,3696,6717376
14:42:32,18.17,-0.01,3136,5699856
14:42:27,18.18,0.01,4574,8315677
14:42:17,18.17,--,3736,6788312
14:42:12,18.17,--,4464,8111669
14:42:02,18.17,--,5811,10560113
14:41:57,18.17,--,3462,6290599
14:41:52,18.17,--,8696,15802376
14:41:42,18.17,--,8712,15829704
14:41:32,18.17,--,2802,5092832
14:41:27,18.17,--,16175,29390047
14:41:17,18.17,--,2971,5398670
14:41:07,18.17,--,4870,8850098
14:41:07,18.17,--,8083,14687174
14:40:57,18.17,--,2483,4513137
14:40:52,18.17,--,4909,8919871
14:40:47,18.17,--,2779,5050969
14:40:42,18.17,--,3708,6737726
14:40:37,18.17,--,5003,9091977
14:40:27,18.17,--,4833,8782069
14:40:27,18.17,--,2956,5372505
14:40:22,18.17,-0.01,27551,50060821
14:40:17,18.18,--,12889,23432711
14:40:07,18.18,--,17153,31184663
14:40:07,18.18,0.01,7738,14068120
14:40:02,18.17,-0.01,17758,32266431
14:39:52,18.18,--,16274,29586568
14:39:52,18.18,--,6765,12298988
14:39:47,18.18,--,7694,13988419
14:39:42,18.18,--,8637,15702865
14:39:37,18.18,--,5954,10825390
14:39:32,18.18,--,15716,28572560
14:39:26,18.18,--,4674,8498350
14:39:21,18.18,--,6362,11567715
14:39:16,18.18,-0.02,6306,11464744
14:39:06,18.2,--,5993,10908934
14:39:06,18.2,--,9058,16487161
14:39:01,18.2,--,14462,26322150
14:38:56,18.2,-0.01,8640,15725382
14:38:51,18.21,--,9768,17789276
14:38:46,18.21,0.01,3290,5992692
14:38:41,18.2,-0.01,4101,7464620
14:38:36,18.21,--,2507,4566776
14:38:31,18.21,--,6820,12420094
14:38:26,18.21,-0.01,3335,6073690
14:38:16,18.22,--,2832,5161653
14:38:16,18.22,-0.01,12302,22415555
14:38:06,18.23,--,2810,5123067
14:38:01,18.23,--,3573,6514964
14:37:51,18.23,-0.01,6298,11481691
14:37:36,18.24,--,4282,7811973
14:37:36,18.24,0.01,2752,5019648
14:37:31,18.23,-0.02,1404,2559783
14:37:26,18.25,-0.01,5789,10566312
14:37:21,18.26,--,2458,4488746
14:37:15,18.26,--,2047,3739063
14:37:10,18.26,--,1861,3398405
14:37:05,18.26,--,1907,3483715
14:37:00,18.26,--,1401,2558737
14:36:55,18.26,-0.01,1446,2640542
14:36:50,18.27,0.01,12286,22446668
14:36:45,18.26,--,1372,2506148
14:36:40,18.26,-0.02,1689,3085793
14:36:35,18.28,0.02,1872,3423770
14:36:30,18.26,-0.01,1128,2059728
14:36:25,18.27,-0.01,1225,2238586
14:36:15,18.28,--,1188,2173126
14:36:15,18.28,--,1750,3199146
14:36:10,18.28,-0.01,1762,3222544
14:36:05,18.29,0.01,1152,2107008
14:36:00,18.28,-0.01,895,1636133
14:35:55,18.29,-0.01,1765,3229575
14:35:50,18.3,--,723,1323456
14:35:45,18.3,--,1126,2060726
14:35:40,18.3,--,479,876643
14:35:35,18.3,-0.03,5885,10769769
14:35:30,18.33,-0.01,881,1616559
14:35:25,18.34,0.01,399,731839
14:35:20,18.33,-0.02,2192,4019109
14:35:15,18.35,--,1075,1972992
14:35:10,18.35,--,536,985321
14:35:05,18.35,-0.01,1657,3042283
14:35:00,18.36,--,1195,2194974
14:34:55,18.36,-0.01,1464,2687904
14:34:50,18.37,--,394,725394
14:34:45,18.37,0.01,869,1596573
14:34:35,18.36,--,865,1589829
14:34:35,18.36,-0.01,1998,3668474
14:34:30,18.37,--,1416,2602367
14:34:24,18.37,-0.01,1453,2670557
14:34:19,18.38,--,865,1590384
14:34:14,18.38,--,632,1163380
14:34:09,18.38,--,1888,3471908
14:34:04,18.38,0.01,1242,2284413
14:33:59,18.37,-0.01,1960,3601695
14:33:54,18.38,-0.01,606,1113975
14:33:49,18.39,0.01,1410,2593431
14:33:44,18.38,--,552,1016340
14:33:39,18.38,--,1561,2870220
14:33:29,18.38,0.01,1011,1859761
14:33:29,18.37,0.01,1000,1837000
14:33:24,18.36,-0.01,3513,6450382
14:33:19,18.37,--,852,1566005
14:33:14,18.37,--,1433,2634111
14:33:09,18.37,0.01,617,1133943
14:33:04,18.36,--,866,1590416
14:32:59,18.36,0.01,1727,3171432
14:32:54,18.35,-0.01,1245,2285969
14:32:49,18.36,0.01,815,1497000
14:32:44,18.35,--,1088,1998241
14:32:39,18.35,--,873,1603056
14:32:34,18.35,0.01,867,1592486
14:32:29,18.34,--,595,1091596
14:32:24,18.34,-0.01,580,1064013
14:32:19,18.35,0.02,561,1029948
14:32:14,18.33,--,1492,2736302
14:32:09,18.33,0.01,815,1494554
14:32:04,18.32,-0.01,1062,1945730
14:31:59,18.33,--,577,1058154
14:31:54,18.33,0.02,2495,4573408
14:31:49,18.31,--,1219,2233527
14:31:44,18.31,--,464,851341
14:31:39,18.31,--,3084,5647682
14:31:33,18.31,0.01,1632,2988192
14:31:28,18.3,--,2520,4613356
14:31:23,18.3,0.01,1141,2089420
14:31:18,18.29,-0.01,1568,2869627
14:31:13,18.3,--,1269,2322489
14:31:08,18.3,0.02,2123,3886041
14:31:03,18.28,--,1403,2566219
14:30:53,18.28,0.01,1061,1939727
14:30:53,18.27,--,1752,3200904
14:30:48,18.27,0.01,966,1765028
14:30:43,18.26,--,694,1267390
14:30:38,18.26,--,1184,2163736
14:30:33,18.26,0.01,1700,3104492
14:30:28,18.25,--,3260,5950376
14:30:18,18.25,--,2136,3899952
14:30:18,18.25,--,1154,2107656
14:30:13,18.25,0.01,3211,5860440
14:30:08,18.24,-0.01,2032,3708119
14:30:03,18.25,0.01,2288,4175600
14:29:58,18.24,--,2143,3908904
14:29:53,18.24,-0.01,2728,4977623
14:29:48,18.25,--,1959,3575248
14:29:43,18.25,--,2385,4354304
14:29:33,18.25,0.01,3240,5913000
14:29:33,18.24,-0.01,2436,4443555
14:29:28,18.25,0.01,3054,5574864
14:29:23,18.24,-0.01,3079,5616168
14:29:18,18.25,-0.01,4480,8176000
14:29:13,18.26,0.01,1508,2753900
14:29:08,18.25,--,3751,6845648
14:29:03,18.25,--,3048,5563184
14:28:58,18.25,--,2448,4469352
14:28:53,18.25,--,2096,3826952
14:28:47,18.25,-0.01,2090,3814688
14:28:42,18.26,0.01,9258,16906714
14:28:37,18.25,-0.01,2954,5392656
14:28:32,18.26,--,4016,7333216
14:28:27,18.26,--,1881,3435217
14:28:22,18.26,-0.01,1184,2163736
14:28:17,18.27,--,984,1799521
14:28:12,18.27,--,1450,2650757
14:28:07,18.27,-0.01,1333,2435610
14:27:57,18.28,-0.01,3144,5747232
14:27:57,18.29,0.01,1584,2897136
14:27:52,18.28,-0.01,1058,1935632
14:27:47,18.29,-0.01,1270,2322976
14:27:42,18.3,-0.01,1224,2239920
14:27:37,18.31,0.01,6192,11339309
14:27:32,18.3,--,2455,4492723
14:27:27,18.3,-0.01,2587,4735747
14:27:22,18.31,--,4572,8371624
14:27:17,18.31,--,791,1448394
14:27:12,18.31,--,1583,2898546
14:27:07,18.31,-0.01,945,1731979
14:27:02,18.32,--,703,1287969
14:26:57,18.32,-0.01,1129,2070013
14:26:52,18.33,-0.01,548,1004777
14:26:47,18.34,-0.01,1369,2512433
14:26:42,18.35,-0.01,4666,8563724
14:26:37,18.36,--,784,1439424
14:26:32,18.36,-0.01,833,1531077
14:26:27,18.37,--,760,1396120
14:26:22,18.37,--,2659,4884950
14:26:17,18.37,-0.01,4422,8123360
14:26:12,18.38,--,907,1668609
14:26:07,18.38,-0.01,853,1568034
14:26:02,18.39,--,500,920971
14:25:56,18.39,--,800,1471200
14:25:51,18.39,-0.01,655,1204618
14:25:46,18.4,--,913,1681612
14:25:41,18.4,--,2523,4642688
14:25:36,18.4,--,4200,7729766
14:25:31,18.4,--,1328,2443520
14:25:26,18.4,--,587,1081625
14:25:21,18.4,-0.01,4764,8766054
14:25:16,18.41,--,2604,4794847
14:25:11,18.41,--,1068,1966482
14:25:01,18.41,-0.01,2287,4211029
14:25:01,18.42,--,1275,2350097
14:24:51,18.42,-0.01,403,742694
14:24:51,18.43,--,527,971334
14:24:46,18.43,--,635,1171853
14:24:41,18.43,-0.01,2524,4652026
14:24:36,18.44,--,617,1139444
14:24:31,18.44,-0.01,286,527531
14:24:26,18.45,0.01,600,1108771
14:24:21,18.44,-0.02,1196,2206899
14:24:16,18.46,0.01,661,1220427
14:24:11,18.45,--,530,979473
14:24:06,18.45,-0.01,286,527817
14:24:01,18.46,--,983,1814691
14:23:56,18.46,-0.01,1063,1962962
14:23:51,18.47,--,357,659600
14:23:46,18.47,0.01,3188,5888531
14:23:41,18.46,--,2352,4343564
14:23:36,18.46,--,930,1718404
14:23:31,18.46,-0.01,642,1186756
14:23:26,18.47,0.01,7594,14026561
14:23:21,18.46,--,1258,2323892
14:23:16,18.46,--,464,858316
14:23:11,18.46,--,1008,1860768
14:23:05,18.46,--,1604,2961279
14:23:00,18.46,--,2315,4275040
14:22:50,18.46,0.02,3709,6847626
14:22:45,18.44,--,221,407745
14:22:40,18.44,--,407,750581
14:22:35,18.44,--,618,1141214
14:22:25,18.44,-0.01,758,1397899
14:22:20,18.45,--,1440,2658571
14:22:10,18.45,--,3469,6400526
14:22:05,18.45,--,2763,5099284
14:21:55,18.45,--,2730,5037292
14:21:50,18.45,--,2184,4029480
14:21:40,18.45,--,882,1628913
14:21:35,18.45,0.02,6531,12051244
14:21:30,18.43,-0.01,1552,2860336
14:21:20,18.44,--,470,866827
14:21:15,18.44,--,1292,2382743
14:21:10,18.44,0.01,3029,5586877
14:21:00,18.43,-0.01,1664,3066752
14:20:55,18.44,--,2983,5500725
14:20:45,18.44,--,1773,3269633
14:20:40,18.44,--,1952,3599488
14:20:30,18.44,-0.01,1418,2616414
14:20:25,18.45,0.01,2424,4474051
14:20:14,18.44,--,3640,6712160
14:20:04,18.44,--,899,1658124
14:19:49,18.44,--,2120,3909280
14:19:49,18.44,--,1678,3094379
14:19:44,18.44,0.01,5909,10897597
14:19:34,18.43,--,1504,2773641
14:19:29,18.43,0.02,3870,7132557
14:19:24,18.41,--,663,1220656
14:19:14,18.41,-0.01,616,1135823
14:19:14,18.42,-0.01,1024,1886208
14:19:04,18.43,0.01,459,846305
14:18:59,18.42,--,957,1764193
14:18:54,18.42,-0.02,580,1068654
14:18:49,18.44,--,680,1253920
14:18:44,18.44,-0.01,424,781856
14:18:39,18.45,--,543,1001908
14:18:34,18.45,--,1104,2038651
14:18:29,18.45,-0.01,1376,2540491
14:18:19,18.46,0.01,1771,3270816
14:18:19,18.45,--,680,1254600
14:18:14,18.45,-0.01,134,247377
14:18:09,18.46,--,1364,2518239
14:18:04,18.46,-0.01,2497,4611160
14:17:59,18.47,--,1453,2683912
14:17:49,18.47,0.01,1890,3492455
14:17:49,18.46,-0.01,1383,2553091
14:17:44,18.47,0.01,900,1662595
14:17:39,18.46,--,913,1687096
14:17:34,18.46,-0.01,1077,1988363
14:17:23,18.47,0.01,967,1786122
14:17:23,18.46,-0.01,1452,2681868
14:17:18,18.47,0.01,1582,2922101
14:17:13,18.46,--,2160,3989132
14:17:03,18.46,-0.01,951,1755619
14:17:03,18.47,--,696,1285512
14:16:58,18.47,--,808,1494149
14:16:53,18.47,--,507,937980
14:16:48,18.47,--,270,498837
14:16:43,18.47,-0.01,631,1165530
14:16:38,18.48,0.01,373,690708
14:16:33,18.47,-0.01,279,515386
14:16:28,18.48,-0.02,498,920747
14:16:23,18.5,--,862,1596032
14:16:18,18.5,--,378,699744
14:16:13,18.5,--,749,1387056
14:16:08,18.5,--,1615,2987824
14:16:03,18.5,--,1024,1894400
14:15:58,18.5,--,898,1661744
14:15:53,18.5,--,316,586080
14:15:48,18.5,-0.01,619,1145520
14:15:43,18.51,--,823,1523447
14:15:38,18.51,--,2133,3948405
14:15:33,18.51,--,2264,4192440
14:15:28,18.51,-0.01,1466,2715194
14:15:23,18.52,--,2558,4737564
14:15:13,18.52,0.01,1768,3274336
14:15:13,18.51,--,583,1079207
14:15:08,18.51,-0.01,955,1769259
14:14:58,18.52,--,1377,2551907
14:14:58,18.52,--,994,1841332
14:14:53,18.52,--,597,1107051
14:14:48,18.52,0.01,2335,4324494
14:14:43,18.51,--,603,1116523
14:14:38,18.51,-0.01,1707,3161211
14:14:32,18.52,--,2327,4309678
14:14:27,18.52,0.01,2826,5235381
14:14:22,18.51,-0.02,2920,5404920
14:14:17,18.53,0.01,2558,4740122
14:14:12,18.52,0.01,988,1830072
14:14:07,18.51,-0.01,916,1696996
14:14:02,18.52,0.01,672,1245729
14:13:57,18.51,-0.01,769,1425121
14:13:52,18.52,--,572,1059640
14:13:47,18.52,--,911,1687838
14:13:42,18.52,--,621,1150314
14:13:37,18.52,0.01,498,923925
14:13:32,18.51,--,770,1426898
14:13:27,18.51,-0.01,1604,2969300
14:13:22,18.52,--,876,1623833
14:13:17,18.52,--,928,1718656
14:13:12,18.52,0.01,485,898442
14:13:07,18.51,-0.01,1167,2160191
14:13:02,18.52,--,1130,2094389
14:12:57,18.52,0.01,1296,2400192
14:12:52,18.51,-0.01,635,1176939
14:12:47,18.52,0.01,631,1168686
14:12:42,18.51,-0.01,1304,2415480
14:12:37,18.52,--,1413,2617098
14:12:32,18.52,0.01,1668,3089432
14:12:27,18.51,--,6554,12133082
14:12:22,18.51,--,728,1349304
14:12:17,18.51,--,3345,6193297
14:12:12,18.51,--,990,1832638
14:12:07,18.51,--,1880,3481656
14:12:02,18.51,--,789,1460661
14:11:57,18.51,--,536,992136
14:11:52,18.51,--,574,1062622
14:11:46,18.51,-0.01,314,582842
14:11:41,18.52,0.01,454,840956
14:11:36,18.51,-0.02,344,636744
14:11:31,18.53,0.01,88,163064
14:11:29,18.52,-0.02,5403,10007911
14:11:24,18.54,0.01,416,771264
14:11:19,18.53,-0.01,1714,3176486
14:11:14,18.54,-0.01,785,1457095
14:11:09,18.55,0.01,1247,2313259
14:11:04,18.54,0.03,2206,4091258
14:10:59,18.51,-0.02,336,622528
14:10:54,18.53,0.01,589,1092825
14:10:44,18.52,-0.01,1359,2516942
14:10:44,18.53,--,1014,1879090
14:10:39,18.53,0.02,3502,6489354
14:10:34,18.51,-0.01,604,1119484
14:10:29,18.52,--,2136,3957649
14:10:24,18.52,--,764,1415224
14:10:19,18.52,0.01,1197,2218251
14:10:14,18.51,-0.01,716,1325612
14:10:09,18.52,--,1450,2687029
14:10:04,18.52,0.01,2043,3784006
14:09:59,18.51,-0.01,1451,2687355
14:09:54,18.52,0.01,1112,2061201
14:09:49,18.51,--,853,1579125
14:09:44,18.51,--,719,1330943
14:09:39,18.51,--,1383,2560007
14:09:34,18.51,0.06,6588,12195276
14:09:28,18.45,-0.01,497,918662
14:09:23,18.46,0.01,1000,1846000
14:09:18,18.45,--,490,905673
14:09:08,18.45,--,1361,2512742
14:09:08,18.45,--,5743,10595908
14:09:03,18.45,--,691,1275264
14:08:58,18.45,--,559,1031428
14:08:53,18.45,--,515,951724
14:08:48,18.45,-0.01,11111,20500459
14:08:43,18.46,--,895,1652243
14:08:38,18.46,-0.01,904,1669374
14:08:33,18.47,--,554,1023681
14:08:28,18.47,0.01,482,891879
14:08:23,18.46,-0.01,429,792155
14:08:18,18.47,--,1006,1858229
14:08:13,18.47,-0.01,505,934434
14:08:08,18.48,--,6012,11110471
14:08:03,18.48,--,1048,1936704
14:07:53,18.48,-0.03,1261,2331732
14:07:53,18.51,0.05,3841,7110801
14:07:48,18.46,--,8827,16296192
14:07:43,18.46,-0.01,669,1235786
14:07:38,18.47,--,1386,2560385
14:07:33,18.47,-0.01,471,870010
14:07:28,18.48,--,561,1038428
14:07:23,18.48,-0.01,1220,2255447
14:07:18,18.49,0.01,2208,4083183
14:07:13,18.48,-0.01,780,1441735
14:07:08,18.49,0.01,386,715341
14:07:03,18.48,-0.02,1303,2408609
14:06:58,18.5,0.02,5894,10905232
14:06:53,18.48,-0.01,557,1029557
14:06:48,18.49,--,10707,19798796
14:06:38,18.49,-0.01,643,1189276
14:06:38,18.5,0.01,1883,3485104
14:06:33,18.49,-0.01,1158,2141289
14:06:28,18.5,--,1327,2455024
14:06:23,18.5,--,865,1601952
14:06:18,18.5,--,955,1767120
14:06:13,18.5,-0.01,1361,2519552
14:06:08,18.51,0.01,1502,2780350
14:06:03,18.5,--,780,1444480
14:05:58,18.5,-0.01,886,1639248
14:05:53,18.51,-0.01,982,1817830
14:05:47,18.52,0.01,636,1179353
14:05:42,18.51,0.01,993,1838561
14:05:37,18.5,-0.01,441,817552
14:05:32,18.51,0.02,1408,2607984
14:05:27,18.49,-0.02,688,1273887
14:05:22,18.51,0.01,870,1610518
14:05:17,18.5,-0.03,2034,3764528
14:05:12,18.53,0.02,2544,4715810
14:05:07,18.51,--,588,1088684
14:05:02,18.51,--,815,1508639
14:04:57,18.51,0.01,1494,2766726
14:04:52,18.5,--,585,1082768
14:04:47,18.5,--,1577,2919152
14:04:42,18.5,--,868,1607280
14:04:37,18.5,0.01,832,1539200
14:04:32,18.49,0.01,5285,9772186
14:04:27,18.48,--,1832,3387310
14:04:07,18.48,0.02,1346,2489034
14:04:07,18.46,-0.01,685,1264731
14:04:02,18.47,0.01,1327,2451042
14:03:52,18.46,--,1210,2235284
14:03:47,18.46,--,2769,5112090
14:03:37,18.46,0.02,481,889624
14:03:32,18.44,--,1304,2406346
14:03:22,18.44,--,912,1683498
14:03:12,18.44,0.01,415,765333
14:03:07,18.43,0.01,887,1634814
14:03:02,18.42,--,1494,2752095
14:02:57,18.42,0.01,554,1022088
14:02:52,18.41,0.02,2055,3783328
14:02:47,18.39,--,1440,2649925
14:02:42,18.39,--,1482,2727016
14:02:37,18.39,-0.01,865,1591249
14:02:32,18.4,--,617,1136972
14:02:27,18.4,0.01,610,1124019
14:02:22,18.39,0.02,1067,1962580
14:02:17,18.37,0.01,603,1109254
14:02:12,18.36,-0.02,1304,2395906
14:02:06,18.38,0.01,1040,1911520
14:02:01,18.37,-0.01,1604,2946841
14:01:56,18.38,0.02,994,1828589
14:01:51,18.36,-0.01,1776,3262498
14:01:46,18.37,--,911,1673580
14:01:41,18.37,-0.01,961,1767047
14:01:36,18.38,0.01,1840,3381920
14:01:31,18.37,--,1073,1972791
14:01:26,18.37,0.01,640,1175680
14:01:21,18.36,-0.01,2124,3899957
14:01:16,18.37,-0.01,728,1339099
14:01:11,18.38,0.01,1008,1852704
14:01:06,18.37,-0.01,829,1523093
14:00:56,18.38,0.01,959,1762715
14:00:56,18.37,--,1879,3452972
14:00:51,18.37,-0.01,740,1359673
14:00:46,18.38,-0.01,1041,1915048
14:00:41,18.39,--,1017,1871954
14:00:36,18.39,--,321,590833
14:00:31,18.39,--,2352,4325328
14:00:26,18.39,-0.01,1637,3011840
14:00:21,18.4,--,1983,3648793
14:00:11,18.4,--,448,826086
14:00:11,18.4,--,1212,2230963
14:00:06,18.4,-0.01,1708,3144191
14:00:01,18.41,-0.01,1195,2200363
13:59:56,18.42,--,1173,2162065
13:59:51,18.42,0.01,1470,2709066
13:59:46,18.41,-0.03,1404,2585058
13:59:41,18.44,0.02,2060,3800115
13:59:36,18.42,-0.02,1462,2693151
13:59:31,18.44,-0.03,1130,2085342
13:59:26,18.47,--,589,1088104
13:59:21,18.47,0.01,967,1786122
13:59:16,18.46,-0.02,1029,1899755
13:59:11,18.48,--,1286,2377858
13:59:06,18.48,-0.01,650,1201643
13:59:01,18.49,-0.01,775,1433048
13:58:56,18.5,-0.01,1133,2096272
13:58:51,18.51,0.01,3224,5967624
13:58:46,18.5,-0.02,728,1348576
13:58:41,18.52,--,839,1553902
13:58:36,18.52,-0.01,1814,3359676
13:58:31,18.53,-0.02,554,1028192
13:58:26,18.55,--,1643,3048136
13:58:20,18.55,-0.02,3254,6036912
13:58:15,18.57,0.02,1842,3422228
13:58:10,18.55,-0.04,2936,5446280
13:58:05,18.59,0.01,6566,12207532
13:58:00,18.58,--,1008,1872863
13:57:50,18.58,-0.02,796,1480454
13:57:50,18.6,0.01,2564,4769337
13:57:45,18.59,0.01,2856,5309304
13:57:40,18.58,-0.01,792,1473319
13:57:35,18.59,0.01,2038,3788790
13:57:30,18.58,--,775,1440024
13:57:25,18.58,-0.01,1299,2415102
13:57:20,18.59,--,1072,1992848
13:57:15,18.59,0.01,904,1681725
13:57:10,18.58,--,816,1516127
13:57:00,18.58,0.01,1966,3654165
13:57:00,18.57,0.01,871,1617521
13:56:55,18.56,--,864,1603584
13:56:45,18.56,--,914,1696829
13:56:45,18.56,-0.02,1089,2022891
13:56:40,18.58,0.02,479,890056
13:56:35,18.56,--,1077,2000322
13:56:30,18.56,--,904,1678417
13:56:25,18.56,0.01,744,1382645
13:56:20,18.55,-0.01,672,1248340
13:56:15,18.56,0.01,1488,2761728
13:56:10,18.55,--,816,1513680
13:56:05,18.55,--,1106,2053262
13:55:55,18.55,--,1194,2216502
13:55:55,18.55,--,1002,1859155
13:55:50,18.55,0.03,1016,1884680
13:55:45,18.52,-0.02,3512,6504224
13:55:40,18.54,0.01,576,1067904
13:55:35,18.53,-0.01,765,1417767
13:55:30,18.54,0.01,1041,1931719
13:55:25,18.53,0.01,622,1152714
13:55:20,18.52,--,776,1438929
13:55:15,18.52,-0.01,1531,2835782
13:55:10,18.53,0.01,2230,4133524
13:55:05,18.52,0.01,1131,2096167
13:55:00,18.51,--,685,1268157
13:54:55,18.51,0.01,792,1465992
13:54:50,18.5,--,1586,2935728
13:54:45,18.5,--,1416,2619600
13:54:40,18.5,--,968,1792576
13:54:34,18.5,--,1389,2569872
13:54:29,18.5,--,1812,3353680
13:54:19,18.5,0.01,3660,6771296
13:54:19,18.49,-0.01,1305,2414646
13:54:14,18.5,0.01,748,1384096
13:54:09,18.49,0.01,559,1033664
13:54:04,18.48,-0.01,1113,2058524
13:53:59,18.49,0.01,892,1650787
13:53:54,18.48,--,828,1530439
13:53:44,18.48,--,434,803658
13:53:44,18.48,0.02,885,1636293
13:53:39,18.46,0.01,915,1690640
13:53:34,18.45,--,1216,2245291
13:53:29,18.45,--,3958,7302657
13:53:24,18.45,0.01,760,1403971
13:53:19,18.44,--,456,840864
13:53:14,18.44,0.01,720,1327680
13:53:09,18.43,--,517,953052
13:53:04,18.43,--,991,1826486
13:52:59,18.43,0.01,590,1087517
13:52:54,18.42,--,284,524601
13:52:49,18.42,--,590,1086927
13:52:44,18.42,0.02,1293,2381927
13:52:39,18.4,--,594,1094579
13:52:34,18.4,--,2491,4583808
13:52:29,18.4,--,1794,3301401
13:52:24,18.4,--,1695,3118873
13:52:19,18.4,--,1610,2964019
13:52:14,18.4,0.01,1631,3001113
13:52:09,18.39,--,1231,2263882
13:51:59,18.39,--,1413,2598727
13:51:59,18.39,0.01,943,1734250
13:51:54,18.38,--,1340,2463214
13:51:49,18.38,0.01,1858,3416621
13:51:39,18.37,0.01,1357,2493029
13:51:39,18.36,-0.01,1487,2730205
13:51:34,18.37,0.01,1320,2426603
13:51:29,18.36,0.01,825,1516389
13:51:14,18.35,--,3585,6580163
13:51:14,18.35,0.01,5385,9883163
13:51:04,18.34,0.01,806,1478350
13:50:59,18.33,-0.01,952,1746775
13:50:53,18.34,0.02,1558,2857518
13:50:48,18.32,-0.01,1042,1910556
13:50:43,18.33,0.01,2253,4131142
13:50:38,18.32,0.02,1888,3458816
13:50:28,18.3,--,1206,2207126
13:50:23,18.3,-0.01,1903,3482563
13:50:18,18.31,0.01,2957,5415658
13:50:13,18.3,--,2795,5115216
13:50:08,18.3,--,2208,4042396
13:50:03,18.3,0.01,3206,5867126
13:49:53,18.29,--,1885,3449055
13:49:48,18.29,--,1301,2379748
13:49:44,18.29,0.01,2736,5005899
13:49:39,18.28,--,2393,4376085
13:49:34,18.28,0.02,2293,4191823
13:49:29,18.26,0.01,1682,3072938
13:49:24,18.25,0.02,6555,11964408
13:49:14,18.23,--,3131,5709344
13:49:09,18.23,--,6175,11257097
13:48:59,18.23,0.01,3939,7181744
13:48:54,18.22,--,3249,5921354
13:48:49,18.22,--,3208,5846725
13:48:44,18.22,-0.01,8472,15435983
13:48:33,18.23,0.02,3288,5995190
13:48:28,18.21,-0.02,6264,11408492
13:48:23,18.23,--,9681,17650140
13:48:13,18.23,0.01,7039,12832169
13:48:03,18.22,-0.02,8887,16192186
13:47:58,18.24,--,10144,18504407
13:47:53,18.24,0.01,3084,5625507
13:47:48,18.23,-0.02,7580,13819798
13:47:38,18.25,--,3924,7161592
13:47:33,18.25,-0.01,4239,7736248
13:47:28,18.26,--,7211,13168819
13:47:18,18.26,-0.01,5119,9347367
13:47:08,18.27,--,2408,4399416
13:47:03,18.27,-0.01,4398,8035292
13:46:53,18.28,-0.01,1544,2822432
13:46:48,18.29,0.01,2926,5352970
13:46:43,18.28,-0.01,2214,4047338
13:46:38,18.29,-0.01,2025,3705407
13:46:33,18.3,--,3680,6735571
13:46:28,18.3,-0.01,5632,10306560
13:46:23,18.31,0.01,4782,8755988
13:46:18,18.3,-0.01,2857,5229993
13:46:13,18.31,-0.01,1372,2512424
13:46:08,18.32,--,3210,5881159
13:45:58,18.32,-0.01,1372,2513797
13:45:58,18.33,-0.01,1194,2190215
13:45:52,18.34,-0.01,696,1278224
13:45:47,18.35,-0.01,1648,3025841
13:45:42,18.36,--,2195,4030387
13:45:37,18.36,-0.01,1255,2304253
13:45:32,18.37,0.01,1864,3425931
13:45:27,18.36,-0.01,1104,2026944
13:45:22,18.37,-0.01,1358,2494792
13:45:17,18.38,--,5485,10082826
13:45:12,18.38,-0.01,2820,5183454
13:45:07,18.39,-0.01,1024,1883136
13:45:02,18.4,0.01,713,1313612
13:44:57,18.39,-0.01,1019,1874308
13:44:52,18.4,--,2328,4285286
13:44:47,18.4,-0.01,6707,12342425
13:44:42,18.41,0.01,5567,10248920
13:44:37,18.4,--,2346,4318259
13:44:32,18.4,-0.01,1580,2907494
13:44:27,18.41,--,1060,1952932
13:44:22,18.41,-0.02,1644,3026898
13:44:17,18.43,--,3021,5567924
13:44:12,18.43,0.01,578,1066875
13:44:07,18.42,-0.01,2493,4592327
13:44:02,18.43,-0.01,1737,3202986
13:43:57,18.44,--,1656,3055434
13:43:52,18.44,-0.01,3395,6261928
13:43:47,18.45,--,1847,3407788
13:43:42,18.45,-0.01,5743,10595908
13:43:37,18.46,0.01,5733,10583339
13:43:32,18.45,--,5400,9963000
13:43:27,18.45,-0.01,2363,4361284
13:43:22,18.46,0.01,2761,5097322
13:43:17,18.45,--,1139,2103004
13:43:12,18.45,-0.01,1143,2108908
13:43:07,18.46,-0.01,2040,3766430
13:43:02,18.47,--,1093,2018992
13:42:56,18.47,--,998,1843453
13:42:51,18.47,--,2464,4552781
13:42:46,18.47,-0.01,648,1198629
13:42:41,18.48,--,2866,5297994
13:42:36,18.48,-0.01,3058,5651627
13:42:31,18.49,--,1301,2406954
13:42:26,18.49,--,1752,3239447
13:42:21,18.49,--,1562,2888581
13:42:16,18.49,-0.01,2048,3788527
13:42:11,18.5,--,980,1814480
13:42:06,18.5,-0.01,7872,14564384
13:42:01,18.51,0.01,2659,4923363
13:41:56,18.5,--,2624,4856176
13:41:51,18.5,-0.01,23167,42859024
13:41:46,18.51,0.01,318,588766
13:41:41,18.5,-0.01,1772,3279680
13:41:36,18.51,-0.01,1869,3459741
13:41:31,18.52,--,1594,2953717
13:41:26,18.52,0.01,2055,3805934
13:41:21,18.51,-0.01,700,1295996
13:41:16,18.52,-0.01,642,1190613
13:41:11,18.53,0.01,1800,3335400
13:41:06,18.52,-0.01,860,1593016
13:41:01,18.53,--,236,438790
13:40:56,18.53,--,516,956444
13:40:51,18.53,-0.01,918,1701202
13:40:46,18.54,--,888,1648131
13:40:41,18.54,--,914,1696187
13:40:36,18.54,--,592,1097568
13:40:31,18.54,-0.02,4041,7493719
13:40:26,18.56,--,990,1837588
13:40:21,18.56,--,1469,2727874
13:40:16,18.56,0.01,589,1093406
13:40:11,18.55,-0.01,504,934920
13:40:06,18.56,--,888,1649909
13:40:01,18.56,0.01,1020,1893416
13:39:55,18.55,-0.01,1069,1984404
13:39:45,18.56,--,307,570163
13:39:45,18.56,-0.01,608,1128448
13:39:40,18.57,0.02,997,1852840
13:39:35,18.55,-0.01,1669,3096217
13:39:30,18.56,--,779,1447383
13:39:25,18.56,--,891,1654067
13:39:20,18.56,0.01,552,1026293
13:39:15,18.55,--,672,1248340
13:39:10,18.55,--,1954,3625115
13:39:05,18.55,--,743,1378339
13:39:00,18.55,--,1582,2934758
13:38:55,18.55,0.01,976,1810480
13:38:50,18.54,-0.01,908,1684915
13:38:45,18.55,0.01,306,568075
13:38:40,18.54,--,781,1449383
13:38:35,18.54,--,544,1010355
13:38:30,18.54,0.02,2112,3915648
13:38:25,18.52,-0.01,889,1646946
13:38:20,18.53,0.01,1305,2419869
13:38:15,18.52,--,3206,5937660
13:38:10,18.52,--,819,1518343
13:38:05,18.52,-0.01,486,900220
13:38:00,18.53,0.01,1184,2195730
13:37:55,18.52,--,1957,3624586
13:37:50,18.52,--,1337,2477827
13:37:45,18.52,--,1214,2248476
13:37:40,18.52,--,1361,2522275
13:37:35,18.52,0.01,580,1075641
13:37:30,18.51,-0.01,1713,3171281
13:37:25,18.52,-0.01,980,1816441
13:37:20,18.53,--,909,1684599
13:37:15,18.53,0.01,1456,2699746
13:37:09,18.52,0.01,1089,2018531
13:37:04,18.51,--,1749,3237621
13:36:59,18.51,--,1452,2689132
13:36:54,18.51,--,783,1449407
13:36:49,18.51,-0.01,1360,2519136
13:36:44,18.52,0.01,1615,2991054
13:36:39,18.51,0.01,928,1719504
13:36:34,18.5,-0.01,4301,7957072
13:36:24,18.51,0.01,1918,3550366
13:36:24,18.5,-0.01,3679,6806224
13:36:14,18.51,--,2408,4457208
13:36:09,18.51,0.01,2352,4355328
13:36:09,18.5,--,1640,3034000
13:36:04,18.5,-0.01,2128,3936800
13:35:54,18.51,--,1040,1926816
13:35:54,18.51,--,2078,3846526
13:35:49,18.51,--,1003,1858107
13:35:39,18.51,-0.01,1096,2028696
13:35:39,18.52,--,2918,5404284
13:35:34,18.52,-0.01,3260,6037816
13:35:29,18.53,0.01,2008,3720824
13:35:14,18.52,--,3051,5652007
13:35:14,18.52,--,856,1585312
13:35:09,18.52,-0.01,1744,3229888
13:34:59,18.53,0.01,521,967117
13:34:59,18.52,-0.01,620,1148536
13:34:49,18.53,-0.01,462,856234
13:34:49,18.54,--,823,1525916
13:34:44,18.54,0.01,803,1490319
13:34:39,18.53,-0.01,676,1252924
13:34:34,18.54,--,1274,2363627
13:34:29,18.54,--,861,1596516
13:34:19,18.54,-0.01,244,453859
13:34:19,18.55,--,1327,2462252
13:34:13,18.55,-0.01,2471,4584966
13:34:03,18.56,0.01,759,1408778
13:33:58,18.55,-0.01,469,870217
13:33:53,18.56,--,609,1132011
13:33:48,18.56,--,900,1671884
13:33:43,18.56,-0.01,1239,2299658
13:33:33,18.57,--,1610,2990215
13:33:28,18.57,-0.01,859,1596722
13:33:18,18.58,--,1080,2007829
13:33:13,18.58,-0.01,1436,2668979
13:32:58,18.59,0.01,744,1384880
13:32:58,18.58,-0.02,1628,3026310
13:32:53,18.6,0.01,300,558297
13:32:48,18.59,-0.03,1737,3230793
13:32:38,18.62,--,145,270511
13:32:33,18.62,-0.01,6104,11365648
13:32:23,18.63,0.01,189,353522
13:32:18,18.62,-0.02,1616,3008992
13:32:08,18.64,--,2568,4786752
13:32:03,18.64,--,701,1306887
13:31:58,18.64,--,1425,2657914
13:31:48,18.64,-0.01,654,1219205
13:31:43,18.65,--,455,848649
13:31:38,18.65,--,2470,4606699
13:31:28,18.65,-0.01,642,1198971
13:31:23,18.66,--,788,1470706
13:31:18,18.66,--,355,663997
13:31:12,18.66,-0.01,1686,3146225
13:31:07,18.67,0.01,341,636871
13:31:02,18.66,-0.01,864,1612224
13:30:57,18.67,-0.01,1642,3067256
13:30:52,18.68,0.01,552,1032929
13:30:47,18.67,--,698,1304808
13:30:37,18.67,--,415,774879
13:30:37,18.67,--,2028,3786574
13:30:32,18.67,0.01,717,1338863
13:30:27,18.66,-0.01,470,878363
13:30:22,18.67,--,260,485718
13:30:17,18.67,0.01,967,1805463
13:30:12,18.66,-0.01,433,809694
13:30:07,18.67,0.01,1297,2423216
13:30:02,18.66,0.01,1521,2839902
13:29:57,18.65,--,1288,2402120
13:29:47,18.65,-0.01,457,854020
13:29:47,18.66,0.01,511,953600
13:29:42,18.65,--,1434,2674857
13:29:37,18.65,--,540,1008591
13:29:32,18.65,--,467,871327
13:29:27,18.65,0.01,1320,2461800
13:29:22,18.64,--,864,1610496
13:29:17,18.64,0.01,684,1276467
13:29:12,18.63,-0.01,1453,2707162
13:29:07,18.64,0.02,1105,2061434
13:29:02,18.62,-0.01,987,1838166
13:28:57,18.63,0.01,907,1691305
13:28:52,18.62,--,636,1184529
13:28:47,18.62,0.01,426,794850
13:28:42,18.61,--,376,699736
13:28:37,18.61,0.01,585,1090397
13:28:32,18.6,-0.01,827,1539782
13:28:22,18.61,--,454,845042
13:28:22,18.61,--,597,1111240
13:28:16,18.61,0.01,758,1411382
13:28:11,18.6,--,3318,6171628
13:28:06,18.6,--,1581,2940883
13:28:01,18.6,0.01,3040,5654400
13:27:51,18.59,--,672,1251032
13:27:46,18.59,0.01,1657,3081478
13:27:46,18.58,--,2319,4309370
13:27:41,18.58,0.01,1226,2279543
13:27:36,18.57,--,1102,2046562
13:27:31,18.57,0.01,880,1634160
13:27:26,18.56,-0.01,1226,2277089
13:27:21,18.57,0.02,753,1398840
13:27:16,18.55,--,1120,2079380
13:27:11,18.55,--,1209,2244401
13:27:06,18.55,0.01,949,1760617
13:27:01,18.54,--,1821,3376356
13:26:56,18.54,0.02,2097,3889543
13:26:51,18.52,-0.03,1375,2546574
13:26:46,18.55,0.02,1392,2582160
13:26:41,18.53,0.01,1170,2169640
13:26:36,18.52,0.01,1436,2659768
13:26:31,18.51,-0.01,2184,4044360
13:26:26,18.52,--,3196,5920473
13:26:21,18.52,--,1605,2972682
13:26:16,18.52,0.01,1780,3297448
13:26:11,18.51,-0.01,2392,4429368
13:26:06,18.52,--,1245,2305962
13:26:01,18.52,0.01,1712,3172401
13:25:56,18.51,-0.01,1568,2902368
13:25:51,18.52,-0.01,1144,2120465
13:25:46,18.53,0.01,1041,1930677
13:25:41,18.52,-0.02,2210,4093364
13:25:36,18.54,0.02,3652,6772291
13:25:31,18.52,-0.01,832,1542641
13:25:26,18.53,-0.02,1415,2622069
13:25:20,18.55,--,726,1346878
13:25:15,18.55,0.02,1041,1932761
13:25:10,18.53,-0.03,4473,8290173
13:25:05,18.56,--,890,1652285
13:24:55,18.56,--,840,1559040
13:24:55,18.56,-0.01,453,842178
13:24:50,18.57,-0.01,427,793310
13:24:45,18.58,0.01,1545,2872319
13:24:40,18.57,-0.01,831,1543241
13:24:35,18.58,--,1008,1874647
13:24:30,18.58,-0.01,1270,2359808
13:24:25,18.59,--,1443,2684098
13:24:20,18.59,0.01,734,1364654
13:24:15,18.58,--,661,1228360
13:24:10,18.58,-0.02,762,1417431
13:24:05,18.6,--,624,1162425
13:24:00,18.6,0.01,377,702931
13:23:55,18.59,--,771,1433660
13:23:50,18.59,-0.01,3256,6054688
13:23:45,18.6,--,4279,7959014
13:23:40,18.6,-0.01,3360,6249600
13:23:35,18.61,0.01,1356,2525004
13:23:30,18.6,-0.01,705,1311820
13:23:25,18.61,0.01,604,1125532
13:23:20,18.6,-0.01,1796,3340857
13:23:15,18.61,-0.01,1032,1922338
13:23:05,18.62,--,438,815704
13:23:05,18.62,-0.01,364,679257
13:23:00,18.63,--,1248,2325024
13:22:55,18.63,-0.01,1475,2748297
13:22:50,18.64,--,316,590515
13:22:45,18.64,--,156,291082
13:22:40,18.64,--,526,981806
13:22:35,18.64,-0.01,287,535042
13:22:24,18.65,--,366,682739
13:22:24,18.65,--,844,1574358
13:22:19,18.65,--,2611,4871081
13:22:14,18.65,-0.01,676,1261038
13:22:09,18.66,0.01,632,1179312
13:22:04,18.65,-0.02,1000,1866790
13:21:59,18.67,--,587,1097497
13:21:54,18.67,0.01,209,391920
13:21:49,18.66,-0.01,301,561889
13:21:44,18.67,--,822,1534823
13:21:39,18.67,-0.01,470,877639
13:21:34,18.68,--,698,1305507
13:21:29,18.68,--,925,1728124
13:21:24,18.68,-0.01,1576,2945761
13:21:19,18.69,0.01,1396,2609423
13:21:14,18.68,-0.01,2097,3918914
13:21:09,18.69,--,1176,2197944
13:21:04,18.69,0.01,288,540066
13:20:59,18.68,-0.01,418,782467
13:20:54,18.69,-0.01,247,461717
13:20:49,18.7,--,1638,3063209
13:20:39,18.7,--,470,880246
13:20:34,18.7,--,1978,3699907
13:20:29,18.7,--,1344,2513280
13:20:24,18.7,--,4863,9093884
13:20:14,18.7,-0.01,2366,4424569
13:20:09,18.71,--,1250,2340396
13:20:04,18.71,0.01,2552,4774792
13:19:59,18.7,--,1300,2431299
13:19:54,18.7,-0.01,1226,2294265
13:19:49,18.71,--,485,907659
13:19:49,18.71,0.01,600,1122600
13:19:39,18.7,-0.01,801,1499590
13:19:34,18.71,-0.01,2657,4972968
13:19:29,18.72,0.01,733,1372400
13:19:24,18.71,--,833,1560264
13:19:19,18.71,-0.01,863,1614747
13:19:14,18.72,0.01,1576,2950272
13:19:09,18.71,--,1058,1981164
13:19:04,18.71,--,1124,2103303
13:18:54,18.71,-0.01,482,903468
13:18:49,18.72,--,390,730229
13:18:44,18.72,-0.01,789,1478430
13:18:39,18.73,0.01,3461,6482677
13:18:34,18.72,--,1432,2680704
13:18:24,18.72,-0.01,967,1811496
13:18:19,18.73,--,1695,3174809
13:18:14,18.73,--,1804,3379791
13:18:09,18.73,0.01,442,829514
13:18:04,18.72,-0.01,286,535541
13:17:59,18.73,--,976,1828048
13:17:54,18.73,--,315,591568
13:17:49,18.73,--,1184,2218830
13:17:38,18.73,-0.01,197,369205
13:17:33,18.74,0.01,1847,3461352
13:17:18,18.73,-0.01,511,957177
13:17:13,18.74,--,1340,2512659
13:17:03,18.74,-0.01,690,1293509
13:16:58,18.75,0.02,783,1468200
13:16:53,18.73,-0.01,416,780966
13:16:48,18.74,--,351,657848
13:16:43,18.74,--,1192,2233808
13:16:33,18.74,0.01,374,702225
13:16:28,18.73,-0.01,1483,2778033
13:16:23,18.74,--,577,1083022
13:16:18,18.74,-0.01,570,1069829
13:16:13,18.75,0.01,625,1172400
13:16:08,18.74,--,480,901319
13:16:03,18.74,--,540,1013459
13:15:58,18.74,-0.01,1562,2927637
13:15:43,18.75,--,2705,5073600
13:15:28,18.75,0.01,434,815400
13:15:23,18.74,-0.01,1804,3382195
13:15:13,18.75,0.01,630,1182000
13:14:59,18.74,-0.01,588,1103411
13:14:58,18.75,0.02,1256,2356800
13:14:58,18.73,-0.01,0,0
13:14:54,18.74,0.01,657,1232942
13:14:49,18.73,--,326,610747
13:14:44,18.73,-0.01,873,1636852
13:14:39,18.74,--,736,1380463
13:14:34,18.74,0.01,282,530117
13:14:29,18.73,-0.01,789,1478021
13:14:24,18.74,--,794,1489605
13:14:19,18.74,--,322,605077
13:14:14,18.74,--,232,436567
13:14:09,18.74,-0.01,1787,3349212
13:14:04,18.75,0.01,264,495000
13:13:59,18.74,-0.02,678,1270721
13:13:54,18.76,0.01,506,950906
13:13:44,18.75,0.01,183,343200
13:13:44,18.74,-0.02,382,716017
13:13:39,18.76,0.02,544,1020544
13:13:34,18.74,-0.01,429,805370
13:13:29,18.75,--,936,1755000
13:13:24,18.75,0.01,797,1494600
13:13:19,18.74,0.01,272,511527
13:13:13,18.73,-0.01,878,1644643
13:13:08,18.74,--,875,1641324
13:13:03,18.74,0.02,575,1077624
13:12:53,18.72,--,364,681707
13:12:48,18.72,--,765,1432903
13:12:48,18.72,--,459,859622
13:12:38,18.72,-0.02,961,1800714
13:12:38,18.74,0.02,651,1221548
13:12:33,18.72,--,1432,2680704
13:12:28,18.72,--,1232,2308101
13:12:23,18.72,0.01,551,1031546
13:12:18,18.71,--,1308,2447567
13:12:13,18.71,-0.01,298,559204
13:12:08,18.72,--,464,868608
13:12:03,18.72,--,105,198282
13:11:58,18.72,-0.03,275,515174
13:11:53,18.75,--,505,948600
13:11:48,18.75,--,1022,1916400
13:11:43,18.75,-0.03,495,928200
13:11:38,18.78,--,709,1332929
13:11:33,18.78,--,332,623796
13:11:28,18.78,-0.01,408,768026
13:11:23,18.79,0.01,568,1067272
13:11:18,18.78,-0.01,493,927281
13:11:08,18.79,-0.01,662,1244649
13:11:08,18.8,--,289,545049
13:11:03,18.8,--,807,1517235
13:10:58,18.8,-0.01,1748,3287744
13:10:53,18.81,--,747,1405483
13:10:48,18.81,--,271,509826
13:10:43,18.81,-0.01,1189,2237938
13:10:38,18.82,-0.01,212,399285
13:10:33,18.83,-0.01,723,1362990
13:10:23,18.84,--,754,1420988
13:10:23,18.84,-0.01,645,1216611
13:10:18,18.85,--,704,1327040
13:10:13,18.85,-0.02,423,797430
13:10:08,18.87,0.01,801,1513223
13:10:03,18.86,-0.01,208,392288
13:09:58,18.87,-0.01,637,1202245
13:09:53,18.88,--,696,1315860
13:09:48,18.88,-0.01,894,1688023
13:09:43,18.89,0.01,399,753786
13:09:33,18.88,--,352,664576
13:09:33,18.88,-0.03,987,1865041
13:09:27,18.91,0.01,1414,2674025
13:09:22,18.9,-0.02,805,1521676
13:09:17,18.92,--,739,1399777
13:09:12,18.92,-0.02,783,1481511
13:09:07,18.94,--,1085,2056429
13:09:02,18.94,--,1411,2674024
13:08:57,18.94,-0.01,705,1337012
13:08:47,18.95,-0.01,1132,2145443
13:08:47,18.96,--,3334,6321415
13:08:37,18.96,-0.01,2311,4381731
13:08:27,18.97,-0.01,2211,4195860
13:08:17,18.98,0.02,872,1656878
13:08:12,18.96,-0.01,1214,2301895
13:08:07,18.97,--,1593,3023666
13:07:57,18.97,--,1029,1952240
13:07:52,18.97,--,1172,2224801
13:07:42,18.97,0.02,1962,3722369
13:07:32,18.95,-0.01,913,1731878
13:07:27,18.96,0.01,2444,4635340
13:07:17,18.95,--,1116,2115729
13:07:12,18.95,0.02,1587,3007744
13:07:02,18.93,0.01,500,948014
13:06:57,18.92,--,825,1562640
13:06:47,18.92,--,882,1669198
13:06:37,18.92,0.02,507,960833
13:06:32,18.9,-0.01,759,1435190
13:06:27,18.91,--,425,805414
13:06:22,18.91,0.02,4260,8055962
13:06:17,18.89,-0.01,592,1120101
13:06:12,18.9,0.01,1077,2035756
13:06:07,18.89,--,250,473912
13:06:02,18.89,0.01,2240,4233173
13:05:57,18.88,--,648,1223424
13:05:52,18.88,-0.01,408,770304
13:05:47,18.89,0.01,1016,1921037
13:05:42,18.88,--,613,1157570
13:05:36,18.88,0.01,310,585431
13:05:31,18.87,--,302,570628
13:05:26,18.87,--,149,281389
13:05:21,18.87,0.01,522,986674
13:05:16,18.86,0.01,618,1167207
13:05:11,18.85,-0.01,551,1038710
13:05:06,18.86,0.01,328,618608
13:04:56,18.85,0.01,512,965120
13:04:56,18.84,-0.01,437,823534
13:04:51,18.85,--,840,1585209
13:04:46,18.85,0.01,1216,2293969
13:04:41,18.84,-0.01,705,1329953
13:04:36,18.85,0.01,784,1479649
13:04:31,18.84,0.01,837,1577134
13:04:26,18.83,--,338,638111
13:04:21,18.83,--,962,1811897
13:04:16,18.83,--,554,1044839
13:04:11,18.83,--,516,971929
13:04:06,18.83,--,592,1114736
13:04:01,18.83,0.01,689,1299119
13:03:56,18.82,0.01,371,699802
13:03:51,18.81,-0.01,755,1420531
13:03:46,18.82,--,375,705825
13:03:41,18.82,--,521,982253
13:03:36,18.82,--,350,658850
13:03:31,18.82,0.01,251,473962
13:03:26,18.81,0.01,277,521262
13:03:21,18.8,-0.01,656,1235084
13:03:16,18.81,0.01,760,1429560
13:03:11,18.8,--,800,1504000
13:03:06,18.8,-0.01,377,710489
13:03:01,18.81,--,614,1155084
13:02:56,18.81,0.01,592,1113552
13:02:51,18.8,--,640,1203200
13:02:46,18.8,--,462,868710
13:02:41,18.8,--,824,1549120
13:02:36,18.8,--,591,1111155
13:02:31,18.8,0.01,920,1731404
13:02:26,18.79,--,520,977080
13:02:21,18.79,--,344,646376
13:02:16,18.79,--,650,1223003
13:02:11,18.79,--,776,1458104
13:02:06,18.79,--,586,1102747
13:02:01,18.79,-0.01,756,1420824
13:01:56,18.8,-0.01,463,870515
13:01:51,18.81,--,488,917927
13:01:46,18.81,0.01,9440,17756640
13:01:40,18.8,-0.01,257,484889
13:01:35,18.81,--,698,1314593
13:01:30,18.81,0.03,1637,3079422
13:01:25,18.78,-0.02,1566,2941098
13:01:20,18.8,0.01,564,1061824
13:01:15,18.79,-0.01,898,1687792
13:01:10,18.8,--,6000,11280000
13:01:05,18.8,0.01,369,695449
13:01:00,18.79,-0.01,997,1873588
13:00:55,18.8,0.01,1159,2180198
13:00:50,18.79,0.04,1596,2999184
13:00:45,18.75,-0.02,480,900000
13:00:40,18.77,--,423,794046
13:00:35,18.77,--,538,1011477
13:00:30,18.77,0.03,2381,4469962
13:00:25,18.74,-0.02,640,1200559
13:00:20,18.76,0.03,5793,10869393
13:00:15,18.73,-0.03,6072,11374654
13:00:10,18.76,0.01,5542,10396942
13:00:05,18.75,-0.01,11570,21694200
11:30:04,18.76,-0.01,299,562499
11:29:44,18.77,--,1951,3662102
11:29:44,18.77,--,322,606045
11:29:39,18.77,--,554,1040308
11:29:29,18.77,--,534,1002468
11:29:24,18.77,--,743,1395887
11:29:19,18.77,--,841,1579082
11:29:09,18.77,--,4302,8076205
11:29:04,18.77,--,143,268486
11:28:59,18.77,--,1323,2483646
11:28:54,18.77,--,217,409035
11:28:48,18.77,--,432,812665
11:28:43,18.77,--,724,1359248
11:28:38,18.77,--,720,1353241
11:28:33,18.77,--,557,1046915
11:28:28,18.77,-0.01,752,1411504
11:28:23,18.78,--,732,1374996
11:28:18,18.78,0.01,224,420672
11:28:13,18.77,--,895,1679990
11:28:03,18.77,--,594,1116589
11:27:58,18.77,-0.01,248,466697
11:27:53,18.78,0.01,178,334734
11:27:48,18.77,0.01,329,619259
11:27:43,18.76,-0.01,1019,1913219
11:27:33,18.77,-0.01,737,1385075
11:27:28,18.78,--,1200,2253600
11:27:18,18.78,--,263,493989
11:27:13,18.78,--,693,1301679
11:27:08,18.78,--,624,1171872
11:27:03,18.78,--,392,736176
11:26:58,18.78,--,564,1060694
11:26:53,18.78,-0.01,1307,2454921
11:26:43,18.79,--,2344,4406179
11:26:38,18.79,0.01,1038,1950552
11:26:28,18.78,-0.01,1328,2493984
11:26:18,18.79,0.01,624,1174299
11:26:13,18.78,--,802,1506606
11:26:08,18.78,--,694,1303482
11:25:58,18.78,--,803,1509611
11:25:48,18.78,--,835,1568505
11:25:43,18.78,--,748,1406246
11:25:33,18.78,-0.01,501,941103
11:25:28,18.79,0.01,615,1155660
11:25:18,18.78,--,183,343749
11:25:13,18.78,--,540,1015622
11:25:08,18.78,--,108,203124
11:25:03,18.78,--,547,1028843
11:24:58,18.78,--,503,944709
11:24:48,18.78,--,219,411657
11:24:43,18.78,--,592,1113578
11:24:33,18.78,0.01,345,649036
11:24:28,18.77,-0.01,308,578416
11:24:23,18.78,--,859,1614779
11:24:13,18.78,--,315,591945
11:24:08,18.78,0.01,1116,2097350
11:24:03,18.77,--,278,521956
11:23:58,18.77,-0.02,752,1412705
11:23:53,18.79,0.02,1313,2467653
11:23:48,18.77,--,895,1679990
11:23:43,18.77,--,591,1109382
11:23:38,18.77,-0.01,496,932793
11:23:33,18.78,0.01,456,856368
11:23:28,18.77,--,362,679924
11:23:23,18.77,--,875,1643951
11:23:13,18.77,-0.01,343,643886
11:23:08,18.78,0.01,1095,2056485
11:23:08,18.77,--,340,639681
11:22:58,18.77,--,356,668512
11:22:53,18.77,--,418,786237
11:22:47,18.77,--,1021,1916642
11:22:42,18.77,0.01,745,1400091
11:22:37,18.76,-0.01,1008,1891008
11:22:27,18.77,--,342,642084
11:22:22,18.77,0.01,2816,5287433
11:22:12,18.76,-0.01,216,407016
11:22:07,18.77,-0.01,953,1790507
11:21:52,18.78,0.01,343,644229
11:21:47,18.77,-0.01,386,726173
11:21:42,18.78,0.01,268,503604
11:21:37,18.77,--,486,912372
11:21:32,18.77,--,163,307527
11:21:32,18.77,-0.01,441,829483
11:21:22,18.78,0.01,854,1603962
11:21:17,18.77,--,459,861918
11:21:12,18.77,--,297,559195
11:21:07,18.77,-0.01,344,645688
11:21:02,18.78,0.01,1040,1953120
11:20:47,18.77,--,2239,4202678
11:20:32,18.77,--,1676,3147353
11:20:22,18.77,-0.01,458,860116
11:20:17,18.78,--,651,1224155
11:20:12,18.78,0.01,616,1156848
11:20:02,18.77,0.01,426,801253
11:19:57,18.76,-0.01,326,611726
11:19:52,18.77,-0.02,342,642084
11:19:47,18.79,0.02,1304,2450216
11:19:42,18.77,-0.01,503,944206
11:19:37,18.78,--,520,978362
11:19:32,18.78,--,1019,1914057
11:19:27,18.78,0.01,308,578724
11:19:22,18.77,0.01,133,251067
11:19:17,18.76,--,469,880069
11:19:12,18.76,-0.01,540,1014540
11:19:07,18.77,--,1308,2455416
11:18:57,18.77,--,402,756205
11:18:52,18.77,--,502,942404
11:18:42,18.77,--,448,840896
11:18:37,18.77,-0.01,2751,5163702
11:18:27,18.78,--,782,1468746
11:18:22,18.78,--,737,1385813
11:18:12,18.78,--,100,188100
11:18:07,18.78,--,970,1823312
11:17:52,18.78,0.01,184,347354
11:17:42,18.77,--,368,690736
11:17:42,18.77,-0.01,194,365789
11:17:37,18.78,--,150,281850
11:17:32,18.78,0.01,1152,2165258
11:17:22,18.77,-0.01,2026,3803252
11:17:17,18.78,--,1116,2097350
11:17:07,18.78,-0.01,428,804084
11:17:02,18.79,0.02,673,1266295
11:16:52,18.77,-0.01,536,1007873
11:16:47,18.78,0.01,1845,3465135
11:16:31,18.77,--,373,701547
11:16:26,18.77,-0.01,890,1670980
11:16:21,18.78,--,409,769829
11:16:16,18.78,--,274,516224
11:16:11,18.78,--,452,849156
11:16:11,18.78,-0.01,1107,2080523
11:15:56,18.79,--,1641,3085167
11:15:46,18.79,--,280,526120
11:15:31,18.79,--,1132,2127328
11:15:31,18.79,-0.01,1608,3023235
11:15:21,18.8,0.01,744,1400524
11:15:16,18.79,--,703,1321012
11:15:06,18.79,-0.01,506,952427
11:15:01,18.8,--,372,699660
11:14:56,18.8,--,539,1014899
11:14:51,18.8,--,848,1594240
11:14:46,18.8,--,206,388633
11:14:46,18.8,--,530,998054
11:14:36,18.8,-0.01,753,1417369
11:14:31,18.81,0.01,1326,2494356
11:14:21,18.8,--,416,783884
11:14:16,18.8,--,367,691238
11:14:11,18.8,0.01,1672,3143360
11:13:56,18.79,--,643,1209775
11:13:51,18.79,-0.01,664,1249459
11:13:46,18.8,--,278,522790
11:13:41,18.8,0.01,659,1239296
11:13:36,18.79,-0.01,522,982491
11:13:31,18.8,--,610,1147852
11:13:26,18.8,--,783,1472115
11:13:21,18.8,0.01,361,680409
11:13:16,18.79,--,408,768435
11:13:11,18.79,--,310,582640
11:13:06,18.79,--,732,1376329
11:13:01,18.79,--,1049,1972799
11:12:46,18.79,--,384,721536
11:12:41,18.79,0.04,825,1551903
11:12:31,18.75,-0.04,1504,2821200
11:12:26,18.79,0.02,464,873659
11:12:21,18.77,-0.02,757,1421114
11:12:16,18.79,0.02,387,728751
11:12:11,18.77,0.01,648,1216296
11:12:06,18.76,0.01,508,953308
11:12:01,18.75,-0.02,433,813600
11:11:56,18.77,--,578,1086557
11:11:51,18.77,0.01,643,1207286
11:11:51,18.76,--,348,653748
11:11:41,18.76,0.01,1259,2363459
11:11:31,18.75,0.01,535,1003200
11:11:26,18.74,--,1883,3529716
11:11:16,18.74,-0.01,456,856343
11:11:11,18.75,--,303,568200
11:11:06,18.75,--,817,1533600
11:10:56,18.75,--,686,1286400
11:10:46,18.75,-0.01,1076,2018400
11:10:41,18.76,--,744,1395744
11:10:36,18.76,--,825,1548825
11:10:25,18.76,--,319,598519
11:10:20,18.76,--,632,1187432
11:10:15,18.76,--,331,621931
11:10:15,18.76,-0.01,347,651947
11:10:05,18.77,--,398,747196
11:10:00,18.77,0.01,268,504537
11:09:55,18.76,-0.01,357,669957
11:09:50,18.77,0.01,208,392217
11:09:45,18.76,-0.01,519,973719
11:09:40,18.77,--,319,598838
11:09:35,18.77,-0.01,1828,3432657
11:09:25,18.78,--,152,285456
11:09:20,18.78,-0.01,472,888218
11:09:10,18.79,--,235,441940
11:09:05,18.79,--,527,990308
11:09:00,18.79,--,248,465992
11:08:55,18.79,--,101,191207
11:08:50,18.79,--,352,661408
11:08:45,18.79,-0.01,1257,2363631
11:08:35,18.8,--,392,738764
11:08:30,18.8,0.01,558,1049190
11:08:20,18.79,-0.01,78,146712
11:08:15,18.8,--,336,632281
11:08:05,18.8,-0.01,1295,2434675
11:08:00,18.81,--,694,1305564
11:07:55,18.81,--,833,1568603
11:07:55,18.81,0.01,286,538116
11:07:45,18.8,-0.01,2406,4523430
11:07:30,18.81,--,395,743973
11:07:25,18.81,0.01,1042,1961657
11:07:15,18.8,--,558,1049190
11:07:10,18.8,-0.01,1384,2601920
11:06:55,18.81,--,546,1028681
11:06:45,18.81,-0.01,545,1025671
11:06:40,18.82,--,242,457100
11:06:35,18.82,0.01,300,566105
11:06:30,18.81,-0.01,424,797544
11:06:25,18.82,--,515,970208
11:06:15,18.82,-0.01,656,1234592
11:06:10,18.83,0.01,786,1480489
11:06:00,18.82,--,524,987673
11:05:55,18.82,-0.01,1044,1965711
11:05:45,18.83,0.01,334,629072
11:05:40,18.82,-0.01,209,395069
11:05:35,18.83,0.01,1624,3059799
11:05:25,18.82,--,839,1580277
11:05:10,18.82,0.01,576,1085838
11:05:05,18.81,-0.01,278,523068
11:05:00,18.82,--,360,677520
11:04:55,18.82,--,320,604046
11:04:50,18.82,-0.01,1138,2142769
11:04:40,18.83,--,232,436855
11:04:35,18.83,--,697,1312978
11:04:25,18.83,0.02,868,1635347
11:04:20,18.81,-0.01,740,1393444
11:04:10,18.82,--,310,584172
11:04:04,18.82,0.01,823,1548961
11:03:54,18.81,--,895,1683570
11:03:44,18.81,--,1409,2652059
11:03:29,18.81,0.01,688,1294729
11:03:19,18.8,-0.01,1499,2818496
11:03:14,18.81,0.01,337,635627
11:03:09,18.8,--,473,890368
11:03:04,18.8,--,568,1068441
11:02:59,18.8,--,194,365171
11:02:54,18.8,0.01,849,1596646
11:02:44,18.79,--,947,1779788
11:02:39,18.79,--,560,1054043
11:02:34,18.79,0.02,807,1516428
11:02:29,18.77,-0.02,561,1054723
11:02:24,18.79,--,512,963250
11:02:19,18.79,-0.01,2385,4483143
11:02:14,18.8,--,718,1349990
11:02:09,18.8,0.01,194,366374
11:02:04,18.79,--,904,1700419
11:01:59,18.79,--,549,1031796
11:01:54,18.79,--,991,1862164
11:01:49,18.79,--,1073,2016693
11:01:39,18.79,--,722,1357088
11:01:34,18.79,--,1949,3663599
11:01:24,18.79,-0.01,396,744384
11:01:19,18.8,0.01,442,832012
11:01:14,18.79,--,484,911239
11:01:14,18.79,--,640,1202560
11:01:04,18.79,0.01,1458,2741235
11:00:49,18.78,-0.01,854,1604863
11:00:44,18.79,0.02,822,1544688
11:00:34,18.77,-0.02,428,803356
11:00:29,18.79,0.02,941,1769867
11:00:19,18.77,--,491,921682
11:00:14,18.77,--,701,1317503
11:00:09,18.77,--,1558,2925417
11:00:04,18.77,--,907,1702514
10:59:59,18.77,0.01,2034,3818568
10:59:49,18.76,--,730,1369630
10:59:44,18.76,0.01,1444,2708944
10:59:34,18.75,--,1080,2025000
10:59:29,18.75,0.01,1605,3010500
10:59:14,18.74,0.01,618,1159781
10:59:09,18.73,0.01,871,1632356
10:58:59,18.72,-0.01,1238,2317685
10:58:54,18.73,--,1092,2045316
10:58:49,18.73,--,1044,1955412
10:58:44,18.73,0.01,928,1738144
10:58:39,18.72,-0.03,833,1561098
10:58:29,18.75,0.02,2358,4421400
10:58:24,18.73,--,4243,7947213
10:58:14,18.73,--,313,587972
10:58:09,18.73,-0.01,326,610747
10:58:04,18.74,--,1702,3191197
10:57:54,18.74,--,203,380496
10:57:49,18.74,-0.02,2468,4625032
10:57:43,18.76,0.01,709,1330309
10:57:38,18.75,-0.01,233,438600
10:57:33,18.76,--,1024,1921024
10:57:23,18.76,-0.01,228,427728
10:57:18,18.77,--,182,341764
10:57:13,18.77,--,209,394019
10:57:08,18.77,--,467,876634
10:57:03,18.77,-0.01,424,797649
10:56:53,18.78,-0.01,634,1190802
10:56:48,18.79,0.01,630,1185423
10:56:43,18.78,-0.01,822,1544767
10:56:38,18.79,-0.01,636,1195945
10:56:33,18.8,--,556,1045280
10:56:23,18.8,--,227,426835
10:56:18,18.8,--,2612,4911462
10:56:08,18.8,--,1087,2044537
10:56:03,18.8,--,2316,4354080
10:55:48,18.8,-0.01,1604,3017324
10:55:43,18.81,--,1188,2235530
10:55:38,18.81,--,164,310289
10:55:33,18.81,--,475,893550
10:55:28,18.81,--,235,443013
10:55:23,18.81,-0.01,435,818310
10:55:18,18.82,0.01,1033,1945837
10:55:13,18.81,-0.01,707,1329942
10:55:03,18.82,0.01,210,395370
10:54:58,18.81,-0.02,1252,2356215
10:54:43,18.83,-0.01,1528,2879031
10:54:28,18.84,-0.01,287,540783
10:54:23,18.85,--,189,357999
10:54:23,18.85,-0.01,285,537451
10:54:13,18.86,0.01,385,727543
10:54:08,18.85,-0.01,1300,2452309
10:53:53,18.86,-0.01,902,1701322
10:53:53,18.87,-0.02,684,1292519
10:53:48,18.89,--,1023,1932522
10:53:43,18.89,--,2045,3864742
10:53:38,18.89,-0.01,643,1214702
10:53:33,18.9,--,764,1443960
10:53:23,18.9,--,344,651974
10:53:23,18.9,--,320,606614
10:53:18,18.9,-0.02,604,1142769
10:53:13,18.92,--,716,1355580
10:53:08,18.92,--,294,557912
10:53:03,18.92,--,494,934799
10:52:58,18.92,-0.01,340,643280
10:52:53,18.93,0.01,957,1813342
10:52:48,18.92,0.01,657,1243271
10:52:38,18.91,-0.02,740,1400247
10:52:38,18.93,0.02,691,1309047
10:52:33,18.91,-0.02,3441,6507763
10:52:18,18.93,0.02,544,1031609
10:52:13,18.91,--,1880,3555080
10:52:03,18.91,0.01,4999,9453487
10:51:48,18.9,--,512,967679
10:51:43,18.9,0.01,847,1600905
10:51:28,18.89,--,791,1494274
10:51:17,18.89,0.02,905,1711282
10:51:12,18.87,--,680,1283160
10:51:07,18.87,0.01,467,881304
10:51:07,18.86,0.01,655,1235405
10:50:57,18.85,-0.01,226,426764
10:50:52,18.86,0.03,810,1529017
10:50:42,18.83,--,944,1777551
10:50:37,18.83,0.01,1426,2686815
10:50:22,18.82,--,734,1381538
10:50:17,18.82,0.01,730,1374612
10:50:12,18.81,-0.01,468,881511
10:50:07,18.82,0.01,810,1526076
10:50:02,18.81,0.01,589,1108134
10:50:02,18.8,--,230,434054
10:49:52,18.8,--,1976,3716684
10:49:47,18.8,--,1836,3453484
10:49:42,18.8,--,1000,1880902
10:49:37,18.8,0.01,669,1257945
10:49:32,18.79,0.02,429,807819
10:49:27,18.77,-0.01,328,617457
10:49:22,18.78,--,1261,2368383
10:49:17,18.78,0.01,544,1022232
10:49:12,18.77,0.02,900,1691101
10:49:07,18.75,--,1068,2002500
10:49:02,18.75,-0.01,634,1189500
10:48:57,18.76,0.01,2447,4590647
10:48:47,18.75,-0.01,3107,5825700
10:48:37,18.76,0.01,1009,1894609
10:48:32,18.75,-0.01,1736,3255900
10:48:22,18.76,--,1636,3069136
10:48:17,18.76,--,812,1523312
10:48:12,18.76,--,872,1635872
10:48:07,18.76,--,907,1702507
10:48:02,18.76,-0.01,1488,2792988
10:47:57,18.77,-0.01,1285,2413671
10:47:47,18.78,--,933,1753601
10:47:42,18.78,--,689,1294167
10:47:37,18.78,--,668,1256306
10:47:32,18.78,-0.02,440,828122
10:47:27,18.8,--,1698,3192390
10:47:17,18.8,-0.01,1778,3342790
10:47:12,18.81,0.01,1446,2720678
10:47:07,18.8,-0.02,720,1355404
10:47:02,18.82,--,1346,2533322
10:46:57,18.82,-0.01,926,1744388
10:46:52,18.83,-0.01,932,1756763
10:46:47,18.84,0.01,317,597454
10:46:42,18.83,-0.02,588,1109011
10:46:37,18.85,-0.01,860,1622909
10:46:32,18.86,-0.01,1176,2219746
10:46:27,18.87,0.01,548,1034377
10:46:22,18.86,-0.02,1546,2917415
10:46:22,18.88,-0.01,1087,2052331
10:46:12,18.89,-0.01,6681,12622146
10:45:57,18.9,--,1619,3059985
10:45:52,18.9,-0.01,798,1508371
10:45:42,18.91,-0.04,1305,2469494
10:45:42,18.95,--,790,1497201
10:45:37,18.95,-0.01,2853,5408178
10:45:27,18.96,-0.02,3264,6190364
10:45:22,18.98,-0.01,3555,6747465
10:45:12,18.99,-0.01,1252,2379371
10:45:07,19.0,-0.01,10041,19079040
10:44:57,19.01,-0.01,1740,3307740
10:44:51,19.02,-0.01,2496,4749217
10:44:46,19.03,-0.03,5812,11061453
10:44:36,19.06,--,6366,12134358
10:44:26,19.06,-0.01,2514,4791836
10:44:21,19.07,--,3474,6626596
10:44:16,19.07,--,1511,2881553
10:44:11,19.07,0.01,1854,3535730
10:44:06,19.06,--,2224,4238944
10:44:01,19.06,0.01,3284,6260218
10:43:46,19.05,--,2179,4151071
10:43:46,19.05,0.01,3706,7060692
10:43:36,19.04,--,1955,3723005
10:43:31,19.04,0.01,2116,4030082
10:43:21,19.03,--,872,1659416
10:43:16,19.03,0.01,1308,2490950
10:43:11,19.02,--,559,1063294
10:43:06,19.02,--,1138,2166149
10:43:01,19.02,0.02,2498,4751652
10:42:51,19.0,--,1088,2067200
10:42:31,19.0,0.01,9117,17324048
10:42:31,18.99,-0.01,3471,6592416
10:42:26,19.0,--,7212,13704624
10:42:16,19.0,--,2780,5282912
10:42:11,19.0,0.01,6464,12283424
10:41:56,18.99,--,3566,6771985
10:41:46,18.99,0.01,2258,4289613
10:41:36,18.98,--,1125,2135477
10:41:31,18.98,0.01,1287,2443712
10:41:26,18.97,0.02,1301,2469135
10:41:16,18.95,-0.01,797,1512058
10:41:11,18.96,0.01,1618,3067879
10:41:01,18.95,0.01,914,1732181
10:40:56,18.94,--,770,1460046
10:40:51,18.94,0.03,2860,5416840
10:40:36,18.91,0.01,689,1303125
10:40:31,18.9,-0.01,952,1800187
10:40:21,18.91,0.02,3848,7276870
10:40:16,18.89,--,2180,4119531
10:40:06,18.89,--,560,1059653
10:40:01,18.89,0.01,2606,4924396
10:39:46,18.88,0.01,4152,7838976
10:39:26,18.87,0.01,915,1726680
10:39:26,18.86,0.01,2115,3988965
10:39:16,18.85,--,776,1462760
10:39:11,18.85,0.01,562,1060425
10:39:01,18.84,--,1113,2098625
10:38:56,18.84,-0.01,2246,4231614
10:38:46,18.85,0.02,474,895148
10:38:41,18.83,0.01,1215,2288824
10:38:31,18.82,--,891,1676937
10:38:25,18.82,--,715,1345705
10:38:20,18.82,0.01,1057,1991005
10:38:15,18.81,--,692,1301652
10:38:10,18.81,--,1344,2528064
10:38:05,18.81,0.01,532,1000691
10:38:00,18.8,-0.01,807,1517235
10:37:55,18.81,0.01,552,1039214
10:37:50,18.8,0.01,3684,6926822
10:37:39,18.79,-0.01,1745,3279080
10:37:34,18.8,--,2920,5489600
10:37:24,18.8,0.01,1256,2362182
10:37:19,18.79,--,864,1623456
10:37:14,18.79,0.01,1725,3243003
10:37:04,18.78,--,411,771933
10:36:59,18.78,--,1054,1980463
10:36:49,18.78,--,578,1085634
10:36:44,18.78,0.01,688,1292064
10:36:39,18.77,-0.01,1039,1950278
10:36:34,18.78,0.02,560,1053482
10:36:29,18.76,--,619,1161319
10:36:24,18.76,--,351,659451
10:36:19,18.76,--,360,675360
10:36:14,18.76,0.01,452,847952
10:36:09,18.75,--,216,405900
10:36:04,18.75,--,969,1817100
10:35:59,18.75,--,1549,2905800
10:35:54,18.75,--,1222,2292300
10:35:49,18.75,--,807,1513200
10:35:44,18.75,0.01,576,1080000
10:35:39,18.74,--,357,669242
10:35:34,18.74,--,716,1343583
10:35:29,18.74,--,2721,5099378
10:35:24,18.74,0.01,607,1138492
10:35:19,18.73,--,445,835208
10:35:14,18.73,-0.01,952,1784894
10:35:09,18.74,0.02,1323,2479376
10:35:04,18.72,--,802,1501493
10:34:59,18.72,--,289,542730
10:34:54,18.72,0.01,851,1593146
10:34:49,18.71,0.01,891,1667135
10:34:44,18.7,-0.01,716,1339817
10:34:39,18.71,--,900,1685696
10:34:34,18.71,0.01,1195,2235919
10:34:24,18.7,--,941,1760492
10:34:24,18.7,--,967,1808364
10:34:19,18.7,-0.01,626,1170769
10:34:14,18.71,0.02,4081,7637272
10:34:09,18.69,-0.01,2249,4203605
10:33:59,18.7,--,961,1798790
10:33:59,18.7,0.01,1604,3001275
10:33:54,18.69,--,1819,3400682
10:33:49,18.69,--,1246,2328923
10:33:44,18.69,-0.01,372,697062
10:33:39,18.7,0.02,865,1619270
10:33:28,18.68,-0.02,1841,3440108
10:33:28,18.7,0.01,876,1639915
10:33:23,18.69,0.01,735,1374686
10:33:13,18.68,-0.01,950,1775347
10:33:13,18.69,--,1799,3362704
10:33:08,18.69,0.01,1426,2666838
10:33:03,18.68,0.01,815,1522494
10:32:58,18.67,--,616,1150072
10:32:53,18.67,--,1059,1977227
10:32:48,18.67,--,1245,2325236
10:32:43,18.67,0.01,583,1088535
10:32:33,18.66,--,1309,2444012
10:32:33,18.66,--,986,1840622
10:32:28,18.66,--,808,1507728
10:32:23,18.66,-0.01,397,741025
10:32:18,18.67,-0.01,500,935292
10:32:08,18.68,0.02,1357,2536594
10:32:08,18.66,-0.02,1524,2843784
10:32:03,18.68,0.01,940,1757115
10:31:53,18.67,-0.02,1202,2245179
10:31:53,18.69,--,1028,1923126
10:31:48,18.69,--,1201,2244893
10:31:43,18.69,-0.01,1256,2347464
10:31:38,18.7,0.01,1677,3137710
10:31:33,18.69,-0.01,1396,2610918
10:31:28,18.7,0.01,1144,2139280
10:31:23,18.69,-0.02,1997,3732617
10:31:18,18.71,0.01,3083,5769864
10:31:13,18.7,--,1859,3476404
10:31:08,18.7,--,718,1342809
10:31:03,18.7,-0.01,1445,2702374
10:30:58,18.71,-0.01,1737,3251348
10:30:53,18.72,-0.01,848,1587456
10:30:48,18.73,--,695,1301809
10:30:43,18.73,-0.01,908,1700684
10:30:38,18.74,-0.01,1342,2515657
10:30:33,18.75,--,1001,1877100
10:30:28,18.75,-0.01,1940,3637500
10:30:23,18.76,--,1858,3487258
10:30:18,18.76,0.01,933,1750533
10:30:13,18.75,-0.01,1477,2771100
10:30:08,18.76,-0.02,1323,2482023
10:29:58,18.78,--,1133,2129501
10:29:58,18.78,-0.01,3041,5712124
10:29:53,18.79,--,2154,4049019
10:29:48,18.79,--,2251,4229704
10:29:43,18.79,-0.02,1708,3209332
10:29:38,18.81,-0.01,5254,9882924
10:29:33,18.82,-0.01,2036,3833558
10:29:28,18.83,0.01,1290,2429220
10:29:23,18.82,--,1930,3633916
10:29:17,18.82,--,1431,2694120
10:29:12,18.82,0.01,1878,3535751
10:29:07,18.81,0.01,905,1703433
10:29:02,18.8,-0.01,1540,2895500
10:28:57,18.81,0.01,1547,2910885
10:28:52,18.8,--,1354,2545670
10:28:47,18.8,--,2612,4911462
10:28:42,18.8,0.01,1056,1985280
10:28:37,18.79,--,2555,4802423
10:28:32,18.79,-0.01,4251,7988305
10:28:27,18.8,--,3512,6602560
10:28:22,18.8,--,1653,3108467
10:28:17,18.8,0.01,2144,4031622
10:28:12,18.79,-0.01,2829,5317419
10:28:07,18.8,--,812,1526560
10:28:02,18.8,0.01,1475,2773075
10:27:57,18.79,--,2054,3859616
10:27:52,18.79,0.01,522,981589
10:27:47,18.78,-0.01,845,1587135
10:27:42,18.79,0.01,580,1091623
10:27:37,18.78,--,932,1752098
10:27:32,18.78,0.02,656,1231968
10:27:27,18.76,--,844,1583344
10:27:22,18.76,0.01,493,925393
10:27:17,18.75,--,979,1837200
10:27:12,18.75,--,3070,5757600
10:27:07,18.75,--,1251,2347200
10:27:02,18.75,0.01,1334,2501400
10:26:57,18.74,-0.01,1495,2801704
10:26:52,18.75,0.02,1465,2747700
10:26:47,18.73,-0.01,1088,2038723
10:26:42,18.74,0.01,1871,3506328
10:26:37,18.73,0.01,2087,3909924
10:26:27,18.72,--,1309,2452170
10:26:22,18.72,0.01,2228,4170815
10:26:12,18.71,--,3080,5763278
10:26:02,18.71,0.01,1092,2043132
10:25:57,18.7,--,2100,3928795
10:25:47,18.7,--,2480,4639395
10:25:42,18.7,--,3124,5843675
10:25:37,18.7,--,3500,6546795
10:25:27,18.7,0.01,1143,2137484
10:25:22,18.69,--,1246,2328923
10:25:12,18.69,--,1161,2170731
10:25:12,18.69,--,683,1278096
10:25:07,18.69,0.01,590,1104354
10:25:01,18.68,0.01,1704,3183968
10:24:51,18.67,--,826,1543187
10:24:46,18.67,-0.01,531,991451
10:24:41,18.68,0.02,1860,3475077
10:24:36,18.66,--,996,1859133
10:24:31,18.66,0.01,3346,6245278
10:24:21,18.65,--,1646,3069939
10:24:11,18.65,--,967,1805021
10:24:11,18.65,--,818,1526316
10:24:06,18.65,--,1180,2200700
10:23:56,18.65,0.02,1686,3145434
10:23:56,18.63,-0.01,1482,2761115
10:23:51,18.64,0.02,1596,2976733
10:23:46,18.62,-0.01,2280,4246253
10:23:41,18.63,0.01,1631,3038627
10:23:36,18.62,0.01,1322,2462606
10:23:31,18.61,0.01,1720,3202706
10:23:26,18.6,-0.01,1168,2174265
10:23:21,18.61,0.01,782,1455450
10:23:16,18.6,0.01,1456,2709945
10:23:11,18.59,-0.01,2103,3909551
10:23:06,18.6,0.01,3286,6113596
10:23:01,18.59,0.02,1316,2448228
10:22:56,18.57,-0.02,6139,11401088
10:22:51,18.59,0.01,816,1516944
10:22:46,18.58,0.01,3196,5939951
10:22:41,18.57,--,8072,14991486
10:22:36,18.57,--,2489,4622295
10:22:31,18.57,--,1662,3087968
10:22:26,18.57,0.01,1063,1974956
10:22:21,18.56,0.01,1054,1956372
10:22:16,18.55,--,1056,1960660
10:22:11,18.55,0.01,2832,5255140
10:22:06,18.54,--,1396,2588184
10:22:01,18.54,-0.01,1382,2563266
10:21:56,18.55,0.02,2844,5277400
10:21:51,18.53,-0.02,1324,2455150
10:21:46,18.55,0.02,2743,5088339
10:21:41,18.53,0.01,1328,2460784
10:21:36,18.52,-0.01,1788,3311376
10:21:31,18.53,0.01,2132,3950596
10:21:26,18.52,-0.01,1265,2343002
10:21:21,18.53,0.01,1113,2064093
10:21:16,18.52,-0.01,1174,2174396
10:21:11,18.53,-0.01,1519,2815374
10:21:06,18.54,0.02,882,1635376
10:21:01,18.52,-0.01,2604,4823496
10:20:56,18.53,--,1319,2444181
10:20:51,18.53,--,1280,2373618
10:20:45,18.53,-0.01,2505,4641987
10:20:40,18.54,--,566,1050995
10:20:35,18.54,-0.01,1591,2949788
10:20:30,18.55,0.02,924,1714020
10:20:25,18.53,-0.02,982,1820683
10:20:20,18.55,--,599,1111219
10:20:15,18.55,--,1325,2459581
10:20:10,18.55,-0.01,3616,6708570
10:20:05,18.56,--,868,1611008
10:20:00,18.56,-0.01,783,1454213
10:19:55,18.57,0.01,1296,2408454
10:19:50,18.56,-0.01,1108,2056447
10:19:45,18.57,-0.01,1757,3264457
10:19:40,18.58,-0.01,1218,2263787
10:19:35,18.59,0.01,1348,2507419
10:19:30,18.58,--,892,1657335
10:19:25,18.58,--,400,743199
10:19:20,18.58,-0.01,1188,2209087
10:19:15,18.59,--,919,1709387
10:19:10,18.59,0.01,511,950023
10:19:05,18.58,-0.01,2328,4327207
10:19:00,18.59,-0.01,804,1494636
10:18:55,18.6,--,923,1716854
10:18:50,18.6,--,1225,2280211
10:18:45,18.6,-0.01,1597,2970643
10:18:40,18.61,0.01,1481,2757853
10:18:35,18.6,-0.01,1724,3208425
10:18:30,18.61,--,1175,2186749
10:18:25,18.61,--,1068,1987548
10:18:20,18.61,-0.01,1014,1887202
10:18:15,18.62,-0.01,936,1742832
10:18:10,18.63,--,437,815844
10:18:05,18.63,--,380,707940
10:18:00,18.63,-0.02,1496,2787048
10:17:55,18.65,-0.01,568,1060215
10:17:50,18.66,--,1666,3109800
10:17:45,18.66,--,784,1464735
10:17:35,18.66,-0.01,1440,2687040
10:17:35,18.67,-0.01,672,1254624
10:17:30,18.68,0.01,1176,2198561
10:17:25,18.67,-0.01,2224,4152805
10:17:20,18.68,-0.01,1031,1926879
10:17:15,18.69,--,2300,4300494
10:17:10,18.69,-0.01,2062,3854027
10:17:00,18.7,--,1440,2694296
10:17:00,18.7,-0.01,1924,3599076
10:16:55,18.71,0.01,2806,5251672
10:16:50,18.7,--,2297,4297110
10:16:45,18.7,-0.01,2264,4235475
10:16:39,18.71,0.01,3678,6881687
10:16:34,18.7,-0.01,2087,3902764
10:16:29,18.71,0.01,3628,6789784
10:16:24,18.7,-0.01,3552,6642240
10:16:19,18.71,0.01,2285,4276956
10:16:14,18.7,-0.01,997,1865512
10:16:09,18.71,--,3013,5639044
10:16:04,18.71,0.01,2599,4862803
10:15:59,18.7,--,2747,5137862
10:15:54,18.7,0.01,3313,6197030
10:15:49,18.69,-0.01,887,1657877
10:15:44,18.7,0.01,1404,2625480
10:15:39,18.69,--,1276,2384844
10:15:34,18.69,0.01,760,1422234
10:15:29,18.68,--,2239,4182526
10:15:24,18.68,--,1704,3183072
10:15:19,18.68,0.02,1397,2610716
10:15:14,18.66,-0.01,1111,2074096
10:15:09,18.67,0.01,820,1530940
10:15:04,18.66,--,1554,2899913
10:14:59,18.66,0.02,2644,4935495
10:14:54,18.64,--,2630,4902469
10:14:49,18.64,--,1033,1927226
10:14:44,18.64,0.02,1315,2452129
10:14:39,18.62,0.01,1189,2215631
10:14:34,18.61,--,1091,2030425
10:14:29,18.61,0.01,980,1823780
10:14:24,18.6,-0.01,1096,2038560
10:14:19,18.61,0.01,6603,12289150
10:14:09,18.6,--,1714,3189676
10:14:04,18.6,--,1627,3026294
10:13:59,18.6,0.01,1642,3054566
10:13:54,18.59,0.02,1184,2201056
10:13:49,18.57,-0.01,3399,6312017
10:13:44,18.58,0.02,1102,2049151
10:13:39,18.56,0.01,1614,2996623
10:13:34,18.55,-0.01,1654,3069208
10:13:29,18.56,0.01,1397,2594539
10:13:24,18.55,0.01,3714,6890508
10:13:19,18.54,-0.01,2234,4143467
10:13:09,18.55,0.01,2039,3782419
10:13:09,18.54,0.01,3888,7210131
10:13:04,18.53,0.02,3100,5744300
10:12:59,18.51,--,1780,3294780
10:12:54,18.51,0.01,3478,6439406
10:12:49,18.5,--,3180,5884776
10:12:44,18.5,0.01,7503,13880624
10:12:39,18.49,--,8028,14843771
10:12:34,18.49,--,3420,6325355
10:12:29,18.49,-0.01,3820,7063179
10:12:24,18.5,0.02,4086,7560136
10:12:19,18.48,--,6626,12246178
10:12:14,18.48,0.01,9008,16647079
10:12:08,18.47,0.01,3784,6989048
10:12:03,18.46,--,6356,11733176
10:11:58,18.46,-0.01,3679,6791507
10:11:53,18.47,-0.01,4116,7602251
10:11:48,18.48,0.01,6405,11838140
10:11:43,18.47,0.01,3449,6371411
10:11:38,18.46,-0.01,2598,4796646
10:11:33,18.47,-0.01,3726,6882069
10:11:28,18.48,--,2953,5458844
10:11:23,18.48,--,6515,12039793
10:11:18,18.48,-0.01,4007,7405009
10:11:13,18.49,--,4308,7965491
10:11:08,18.49,--,2889,5343462
10:11:03,18.49,--,2286,4226961
10:10:58,18.49,--,1957,3620194
10:10:53,18.49,-0.01,2366,4374881
10:10:48,18.5,--,2339,4327224
10:10:43,18.5,-0.01,5594,10349344
10:10:38,18.51,0.01,7228,13379028
10:10:33,18.5,-0.01,8210,15188944
10:10:28,18.51,--,8803,16294427
10:10:23,18.51,0.01,5080,9403080
10:10:18,18.5,-0.01,1733,3207752
10:10:13,18.51,--,5039,9327263
10:10:08,18.51,--,3877,7178029
10:10:03,18.51,--,3198,5919646
10:09:58,18.51,--,3270,6052918
10:09:53,18.51,-0.01,1184,2191584
10:09:43,18.52,-0.01,2495,4621406
10:09:43,18.53,--,1814,3361490
10:09:38,18.53,--,1534,2843539
10:09:33,18.53,-0.01,1932,3581774
10:09:23,18.54,-0.01,3717,6893023
10:09:23,18.55,--,1672,3101560
10:09:18,18.55,--,3147,5837759
10:09:13,18.55,--,3064,5685500
10:09:08,18.55,--,2817,5226648
10:09:03,18.55,-0.01,1677,3111651
10:08:58,18.56,-0.01,2019,3747338
10:08:53,18.57,0.01,2332,4330524
10:08:48,18.56,--,2160,4008959
10:08:43,18.56,-0.03,1129,2097131
10:08:38,18.59,--,2559,4757255
10:08:33,18.59,--,1356,2522588
10:08:28,18.59,-0.01,1085,2017238
10:08:23,18.6,0.01,2256,4196160
10:08:18,18.59,-0.01,2072,3851848
10:08:12,18.6,--,3647,6784387
10:08:07,18.6,--,5039,9372614
10:08:02,18.6,-0.01,3262,6068064
10:07:57,18.61,--,1763,3281017
10:07:52,18.61,0.01,3074,5722351
10:07:47,18.6,-0.02,2372,4411920
10:07:42,18.62,--,1513,2817429
10:07:37,18.62,0.01,1016,1891792
10:07:32,18.61,-0.03,942,1754699
10:07:22,18.64,-0.01,1912,3563968
10:07:22,18.65,--,1986,3704039
10:07:17,18.65,--,1717,3203622
10:07:12,18.65,--,2037,3799527
10:07:07,18.65,-0.01,1309,2443000
10:07:02,18.66,--,1308,2442519
10:06:57,18.66,--,2193,4093257
10:06:52,18.66,-0.01,942,1757921
10:06:47,18.67,--,1004,1874468
10:06:42,18.67,--,720,1344837
10:06:37,18.67,-0.01,1283,2395435
10:06:32,18.68,--,828,1546704
10:06:27,18.68,--,1451,2710542
10:06:22,18.68,--,1806,3375251
10:06:17,18.68,-0.01,2439,4556126
10:06:12,18.69,0.01,1137,2125277
10:06:07,18.68,-0.01,2073,3874082
10:06:02,18.69,--,1332,2491302
10:05:57,18.69,-0.01,842,1574744
10:05:52,18.7,--,3088,5774560
10:05:47,18.7,0.01,572,1071435
10:05:42,18.69,-0.01,1588,2969766
10:05:37,18.7,--,5251,9820342
10:05:32,18.7,--,2858,5344609
10:05:27,18.7,--,1493,2793630
10:05:22,18.7,-0.01,950,1776649
10:05:17,18.71,0.01,680,1274076
10:05:12,18.7,-0.01,1201,2247590
10:05:07,18.71,--,2197,4110811
10:05:02,18.71,-0.01,1252,2342492
10:04:57,18.72,0.01,1636,3064389
10:04:47,18.71,-0.01,2873,5377104
10:04:47,18.72,--,2592,4852224
10:04:42,18.72,-0.01,2029,3798512
10:04:32,18.73,0.01,1458,2731583
10:04:32,18.72,-0.01,2360,4417920
10:04:27,18.73,0.01,1387,2597925
10:04:17,18.72,--,591,1106426
10:04:17,18.72,--,984,1843845
10:04:11,18.72,-0.01,1353,2533639
10:04:06,18.73,0.01,1405,2631789
10:03:56,18.72,-0.01,1160,2173317
10:03:51,18.73,-0.01,1248,2339302
10:03:51,18.74,--,1572,2945927
10:03:46,18.74,--,3306,6195593
10:03:41,18.74,-0.01,776,1456023
10:03:36,18.75,--,3692,6924300
10:03:31,18.75,--,2433,4563000
10:03:26,18.75,--,1418,2659500
10:03:21,18.75,-0.01,2071,3883200
10:03:11,18.76,0.01,1261,2366461
10:03:11,18.75,-0.01,1082,2028900
10:03:06,18.76,--,1440,2701440
10:03:01,18.76,-0.03,769,1444369
10:02:56,18.79,--,1659,3117336
10:02:51,18.79,--,1916,3601967
10:02:46,18.79,-0.01,2477,4655410
10:02:41,18.8,--,1968,3701644
10:02:36,18.8,--,3585,6740627
10:02:31,18.8,--,2332,4384160
10:02:26,18.8,0.01,3073,5777465
10:02:21,18.79,-0.01,2002,3763411
10:02:16,18.8,--,3095,5818675
10:02:11,18.8,--,1576,2964684
10:02:06,18.8,0.03,847,1592435
10:01:56,18.77,-0.03,864,1622628
10:01:56,18.8,0.03,1488,2797440
10:01:51,18.77,--,3305,6203710
10:01:46,18.77,--,12057,22632715
10:01:41,18.77,0.02,1783,3346766
10:01:36,18.75,--,1171,2195700
10:01:31,18.75,--,2393,4487700
10:01:26,18.75,--,1989,3731100
10:01:21,18.75,0.01,1815,3403200
10:01:16,18.74,0.02,3397,6367102
10:01:06,18.72,--,1896,3549312
10:01:01,18.72,0.02,3644,6821568
10:00:51,18.7,-0.02,3957,7401310
10:00:46,18.72,0.02,3036,5683392
10:00:36,18.7,-0.01,3306,6182369
10:00:31,18.71,0.01,2150,4024296
10:00:26,18.7,0.01,6310,11801046
10:00:16,18.69,-0.01,7822,14620065
10:00:05,18.7,0.02,4777,8933214
10:00:00,18.68,-0.01,1756,3282001
09:59:50,18.69,0.02,1760,3291234
09:59:50,18.67,--,5829,10882967
09:59:40,18.67,--,4887,9124103
09:59:35,18.67,0.01,3682,6875936
09:59:30,18.66,0.01,2763,5156728
09:59:25,18.65,-0.01,2520,4699800
09:59:20,18.66,0.01,2102,3922481
09:59:15,18.65,0.01,2234,4168051
09:59:10,18.64,-0.01,1767,3293762
09:59:05,18.65,-0.01,2051,3825189
09:59:00,18.66,--,4442,8288921
09:58:50,18.66,-0.01,1743,3253109
09:58:50,18.67,--,3042,5680459
09:58:45,18.67,--,2396,4475124
09:58:40,18.67,--,3222,6015623
09:58:35,18.67,-0.01,3080,5750360
09:58:30,18.68,0.01,2248,4201057
09:58:25,18.67,-0.01,1394,2602747
09:58:20,18.68,-0.01,2153,4023522
09:58:15,18.69,--,1665,3113604
09:58:05,18.69,--,3136,5861184
09:58:05,18.69,-0.01,1395,2607329
09:58:00,18.7,--,1825,3412974
09:57:55,18.7,-0.02,2270,4245648
09:57:50,18.72,--,4463,8354810
09:57:45,18.72,0.02,1657,3103626
09:57:40,18.7,-0.02,1031,1928044
09:57:35,18.72,--,2183,4086650
09:57:30,18.72,-0.03,1255,2349434
09:57:25,18.75,-0.01,974,1827900
09:57:20,18.76,--,1185,2223285
09:57:15,18.76,--,1386,2601786
09:57:10,18.76,-0.01,1357,2545957
09:57:05,18.77,-0.02,2903,5449907
09:57:00,18.79,--,1362,2560851
09:56:55,18.79,--,2030,3815422
09:56:50,18.79,-0.02,4019,7552678
09:56:45,18.81,0.01,2993,5631563
09:56:40,18.8,--,7715,14504275
09:56:35,18.8,-0.02,3272,6151360
09:56:30,18.82,-0.02,2411,4537577
09:56:25,18.84,0.01,3046,5740321
09:56:20,18.83,-0.01,2952,5558615
09:56:15,18.84,-0.01,5482,10329745
09:56:10,18.85,-0.02,2412,4546620
09:56:05,18.87,0.01,2833,5346701
09:56:00,18.86,0.01,4446,8385306
09:55:55,18.85,-0.01,2118,3992882
09:55:50,18.86,0.02,1712,3230642
09:55:45,18.84,--,4338,8173545
09:55:40,18.84,-0.01,2024,3813216
09:55:35,18.85,0.01,1909,3598691
09:55:30,18.84,--,1705,3213953
09:55:25,18.84,--,3272,6164448
09:55:20,18.84,0.03,2058,3878327
09:55:10,18.81,--,4656,8757936
09:55:10,18.81,--,2796,5259276
09:55:04,18.81,0.01,1976,3718661
09:54:59,18.8,--,2672,5023360
09:54:54,18.8,--,6011,11300755
09:54:49,18.8,0.01,4612,8670560
09:54:44,18.79,--,2785,5234743
09:54:39,18.79,0.01,2533,4759732
09:54:34,18.78,0.05,2116,3973848
09:54:29,18.73,-0.04,3084,5778130
09:54:24,18.77,0.03,1892,3551284
09:54:19,18.74,0.02,5126,9607023
09:54:14,18.72,0.02,3042,5694624
09:54:04,18.7,--,5429,10152304
09:54:04,18.7,0.01,4812,9000235
09:53:59,18.69,0.02,3484,6511596
09:53:54,18.67,0.01,2838,5298546
09:53:49,18.66,-0.01,4938,9214308
09:53:44,18.67,0.02,3858,7204379
09:53:39,18.65,--,3261,6081839
09:53:34,18.65,0.05,4189,7813454
09:53:29,18.6,--,3758,6991665
09:53:24,18.6,0.01,10951,20368934
09:53:19,18.59,--,6189,11505425
09:53:14,18.59,0.04,5352,9949368
09:53:09,18.55,-0.02,6215,11529789
09:53:04,18.57,0.01,7462,13857825
09:52:59,18.56,0.01,6482,12030592
09:52:54,18.55,0.01,12827,23794159
09:52:49,18.54,--,7210,13368674
09:52:44,18.54,0.04,8748,16218792
09:52:39,18.5,-0.04,9898,18311892
09:52:34,18.54,0.04,8981,16651441
09:52:29,18.5,-0.01,14320,26492000
09:52:19,18.51,--,9170,16973670
09:52:19,18.51,--,8200,15178200
09:52:14,18.51,--,13428,24855228
09:52:09,18.51,--,7673,14202797
09:52:04,18.51,--,6442,11925918
09:51:59,18.51,-0.01,5008,9269808
09:51:54,18.52,-0.04,8813,16321750
09:51:49,18.56,--,7152,13274112
09:51:44,18.56,0.01,2804,5204224
09:51:39,18.55,-0.03,4266,7913430
09:51:34,18.58,0.02,5244,9743352
09:51:29,18.56,-0.04,4074,7561343
09:51:24,18.6,--,7948,14783280
09:51:19,18.6,-0.01,9986,18575745
09:51:14,18.61,--,4303,8007957
09:51:09,18.61,--,3542,6593448
09:50:59,18.61,-0.03,2200,4094200
09:50:59,18.64,-0.01,3148,5867872
09:50:54,18.65,-0.01,1798,3353269
09:50:49,18.66,-0.03,2037,3801116
09:50:44,18.69,-0.01,2606,4870614
09:50:38,18.7,-0.01,3370,6301900
09:50:33,18.71,-0.02,3410,6381906
09:50:23,18.73,--,3369,6310211
09:50:23,18.73,--,5140,9627220
09:50:18,18.73,-0.03,2436,4562628
09:50:13,18.76,-0.02,1296,2431296
09:50:08,18.78,-0.01,4160,7814282
09:50:03,18.79,--,2695,5063980
09:49:58,18.79,-0.01,4906,9219426
09:49:53,18.8,-0.01,15931,29951107
09:49:48,18.81,--,3806,7159085
09:49:43,18.81,-0.01,3674,6910793
09:49:38,18.82,--,5412,10185384
09:49:33,18.82,-0.02,2184,4110288
09:49:28,18.84,0.02,3838,7230792
09:49:23,18.82,-0.03,3304,6219934
09:49:18,18.85,--,3795,7154102
09:49:13,18.85,-0.02,2548,4802980
09:49:08,18.87,0.01,2794,5274089
09:49:03,18.86,-0.02,2521,4754681
09:48:58,18.88,--,6731,12709562
09:48:53,18.88,-0.01,4734,8938849
09:48:48,18.89,0.01,5925,11194062
09:48:43,18.88,-0.01,3639,6870507
09:48:38,18.89,-0.01,4906,9269247
09:48:33,18.9,0.01,4056,7666747
09:48:28,18.89,-0.01,3058,5776562
09:48:23,18.9,--,2636,4982493
09:48:18,18.9,--,8740,16520414
09:48:08,18.9,-0.01,10186,19252447
09:47:58,18.91,0.01,5779,10928769
09:47:53,18.9,-0.01,3858,7291619
09:47:48,18.91,--,6061,11462183
09:47:43,18.91,0.01,3755,7101688
09:47:38,18.9,--,3257,6155805
09:47:33,18.9,-0.01,2575,4867732
09:47:28,18.91,--,4697,8883766
09:47:23,18.91,0.01,6325,11960650
09:47:18,18.9,-0.01,8215,15527332
09:47:08,18.91,-0.01,6584,12450344
09:46:58,18.92,0.01,2416,4572888
09:46:53,18.91,-0.02,5366,10147106
09:46:43,18.93,-0.02,5574,10551582
09:46:33,18.95,--,1948,3691460
09:46:28,18.95,0.01,2008,3805160
09:46:22,18.94,-0.03,3125,5919886
09:46:17,18.97,0.02,2877,5457744
09:46:12,18.95,-0.03,1574,2982730
09:46:07,18.98,0.01,1970,3739060
09:46:02,18.97,-0.01,1566,2972523
09:45:57,18.98,--,1217,2309941
09:45:52,18.98,-0.02,2608,4951806
09:45:47,19.0,--,5198,9876200
09:45:37,19.0,--,5529,10506848
09:45:27,19.0,-0.01,8374,15910600
09:45:22,19.01,--,7555,14362131
09:45:12,19.01,--,6876,13071580
09:45:07,19.01,--,6571,12492915
09:44:57,19.01,-0.01,2462,4680262
09:44:52,19.02,--,2360,4489785
09:44:47,19.02,-0.02,2023,3849495
09:44:47,19.04,-0.01,2454,4672568
09:44:37,19.05,--,5586,10643158
09:44:27,19.05,-0.02,1082,2063038
09:44:22,19.07,-0.02,5240,9992680
09:44:11,19.09,-0.01,1493,2850213
09:44:06,19.1,-0.02,10958,20929780
09:43:56,19.12,-0.01,5590,10688080
09:43:51,19.13,-0.03,11697,22376437
09:43:41,19.16,--,6560,12568960
09:43:36,19.16,--,5272,10102991
09:43:31,19.16,-0.02,12264,23497824
09:43:21,19.18,-0.01,3075,5897926
09:43:16,19.19,0.01,4640,8906002
09:43:06,19.18,--,1963,3765110
09:43:01,19.18,0.03,5632,10802176
09:42:51,19.15,--,2992,5729680
09:42:46,19.15,0.03,2517,4821816
09:42:36,19.12,0.01,1171,2239334
09:42:31,19.11,0.01,2907,5555659
09:42:21,19.1,0.01,2240,4278400
09:42:16,19.09,0.02,6597,12594665
09:42:01,19.07,0.02,2574,4908618
09:41:56,19.05,0.02,5960,11355628
09:41:46,19.03,--,4032,7672896
09:41:41,19.03,0.02,5304,10093968
09:41:36,19.01,--,4102,7799726
09:41:31,19.01,--,7572,14394828
09:41:26,19.01,0.01,9917,18852597
09:41:16,19.0,--,5958,11320200
09:41:11,19.0,0.02,18389,34939936
09:41:01,18.98,0.03,5512,10463598
09:40:56,18.95,--,17837,33801873
09:40:46,18.95,0.03,20608,39052160
09:40:41,18.92,0.04,34138,64589625
09:40:31,18.88,0.02,16102,30400576
09:40:26,18.86,0.02,8224,15512274
09:40:21,18.84,-0.05,6319,11905071
09:40:16,18.89,0.01,4176,7888464
09:40:11,18.88,--,5972,11275136
09:40:06,18.88,-0.02,3118,5886784
09:40:01,18.9,-0.02,2716,5135054
09:39:56,18.92,-0.05,5714,10810888
09:39:46,18.97,0.01,1632,3095904
09:39:41,18.96,-0.04,8367,15863907
09:39:31,19.0,0.01,4604,8747600
09:39:26,18.99,-0.01,3730,7085093
09:39:21,19.0,-0.01,14766,28056084
09:39:11,19.01,--,17374,33029494
09:39:06,19.01,-0.02,13445,25559249
09:38:56,19.03,0.01,4871,9269513
09:38:51,19.02,--,6786,12908265
09:38:46,19.02,-0.03,10463,19900702
09:38:36,19.05,-0.01,5646,10755630
09:38:31,19.06,--,4482,8542692
09:38:26,19.06,-0.01,4348,8289117
09:38:21,19.07,-0.03,3882,7402974
09:38:16,19.1,--,14007,26753446
09:38:06,19.1,-0.03,2512,4799753
09:38:01,19.13,-0.01,7388,14133244
09:37:51,19.14,-0.03,3121,5973670
09:37:46,19.17,-0.01,2518,4827006
09:37:41,19.18,-0.02,6474,12417132
09:37:35,19.2,0.02,1866,3584563
09:37:30,19.18,-0.02,3211,6158774
09:37:25,19.2,-0.01,3059,5873356
09:37:20,19.21,0.01,3881,7455554
09:37:15,19.2,-0.02,2479,4759680
09:37:10,19.22,--,2954,5679048
09:37:05,19.22,-0.04,1289,2477458
09:37:00,19.26,--,2549,4909374
09:36:55,19.26,-0.03,1188,2288088
09:36:50,19.29,-0.01,875,1687875
09:36:45,19.3,-0.01,7597,14662904
09:36:40,19.31,-0.01,986,1903965
09:36:35,19.32,-0.03,1706,3295992
09:36:30,19.35,--,1316,2546460
09:36:25,19.35,--,1850,3579750
09:36:20,19.35,-0.02,1738,3363030
09:36:15,19.37,-0.02,620,1202838
09:36:10,19.39,--,1650,3199350
09:36:00,19.39,-0.03,4412,8554868
09:35:55,19.42,-0.03,2160,4194720
09:35:45,19.45,-0.05,3124,6076491
09:35:35,19.5,-0.01,7005,13659750
09:35:25,19.51,-0.05,1065,2077815
09:35:20,19.56,--,2010,3931990
09:35:15,19.56,-0.04,6120,11970720
09:35:15,19.6,-0.02,3994,7828240
09:35:00,19.62,-0.01,8233,16153146
09:34:50,19.63,-0.02,13939,27362257
09:34:35,19.65,0.02,3785,7437524
09:34:30,19.63,--,9005,17676815
09:34:20,19.63,0.01,1775,3484325
09:34:15,19.62,0.02,5241,10282842
09:34:05,19.6,-0.02,2536,4970560
09:34:00,19.62,0.03,2783,5461776
09:33:55,19.59,--,1779,3485061
09:33:50,19.59,0.01,1750,3428250
09:33:45,19.58,0.05,3294,6451296
09:33:40,19.53,0.03,1122,2191266
09:33:35,19.5,-0.08,1896,3697200
09:33:30,19.58,0.07,2242,4389836
09:33:25,19.51,0.08,2392,4666792
09:33:20,19.43,-0.06,1889,3670327
09:33:15,19.49,0.11,2598,5063502
09:33:10,19.38,0.01,3938,7631844
09:33:00,19.37,0.04,2934,5684591
09:32:55,19.33,0.01,8109,15676475
09:32:45,19.32,0.01,3728,7202496
09:32:40,19.31,0.01,3986,7696965
09:32:35,19.3,-0.01,3989,7698770
09:32:30,19.31,0.01,3785,7308834
09:32:25,19.3,-0.03,8858,17095940
09:32:20,19.33,0.03,4799,9276621
09:32:20,19.3,--,7474,14424820
09:32:10,19.3,0.04,6461,12469730
09:32:05,19.26,0.04,10700,20608200
09:31:55,19.22,-0.08,6267,12045385
09:31:50,19.3,0.04,17034,32875639
09:31:40,19.26,0.06,6176,11894976
09:31:35,19.2,-0.09,13714,26330880
09:31:25,19.29,0.09,6982,13468278
09:31:20,19.2,-0.06,5783,11103360
09:31:15,19.26,-0.03,5829,11226654
09:31:10,19.29,0.07,6371,12289659
09:31:05,19.22,-0.04,10271,19740862
09:30:54,19.26,-0.07,10096,19444896
09:30:49,19.33,0.03,2591,5008403
09:30:44,19.3,-0.06,7128,13757040
09:30:34,19.36,-0.14,7953,15397008
09:30:24,19.5,-0.11,6387,12454884
09:30:19,19.61,0.01,8372,16419217
09:30:04,19.6,0.1,14855,29115800
09:30:04,19.5,-0.2,12356,24094200
09:25:08,19.7,19.7,20515,40414550

