14:59:57,9.76,--,5,4997
14:59:52,9.76,--,10,10618
14:59:47,9.76,--,3,2967
14:59:37,9.76,--,32,31232
14:59:37,9.76,--,24,23424
14:59:32,9.76,--,24,23424
14:59:27,9.76,--,30,29358
14:59:22,9.76,--,45,44817
14:59:17,9.76,--,4,4840
14:59:07,9.76,--,25,24517
14:59:07,9.76,--,8,7808
14:59:02,9.76,--,14,14522
14:58:57,9.76,--,13,12805
14:58:52,9.76,--,42,41850
14:58:47,9.76,--,20,19520
14:58:42,9.76,--,74,72302
14:58:32,9.76,--,45,44817
14:58:27,9.76,--,35,34199
14:58:22,9.76,--,8,8744
14:58:17,9.76,--,70,68398
14:58:12,9.76,--,25,25297
14:58:07,9.76,--,12,11712
14:58:02,9.76,--,1,1093
14:57:57,9.76,--,48,46848
14:57:51,9.76,--,1,1873
14:57:46,9.76,--,3,2967
14:57:41,9.76,--,77,76049
14:57:36,9.76,--,16,15616
14:57:31,9.76,--,50,48878
14:57:26,9.76,--,21,21393
14:57:21,9.76,--,92,89792
14:57:11,9.76,--,17,16709
14:57:01,9.76,--,190,186298
14:56:56,9.76,--,5,4997
14:56:51,9.76,--,24,23424
14:56:46,9.76,--,4,3904
14:56:41,9.76,--,6,6714
14:56:36,9.76,--,55,53719
14:56:26,9.76,--,12,12180
14:56:21,9.76,--,18,17646
14:56:16,9.76,--,4,4840
14:56:11,9.76,--,2,2030
14:56:06,9.76,--,25,25297
14:56:01,9.76,--,108,106344
14:55:56,9.76,--,18,17646
14:55:51,9.76,--,25,25297
14:55:46,9.76,--,2,2030
14:55:41,9.76,--,81,79953
14:55:36,9.76,--,32,31232
14:55:31,9.76,--,10,9838
14:55:26,9.76,--,32,31232
14:55:21,9.76,--,105,103377
14:55:16,9.76,--,20,19520
14:55:06,9.76,--,44,43880
14:55:06,9.76,--,24,23424
14:54:51,9.76,--,18,17646
14:54:46,9.76,--,8,8744
14:54:36,9.76,--,52,50752
14:54:31,9.76,--,6,5934
14:54:26,9.76,--,849,829521
14:54:16,9.76,--,47,45911
14:54:11,9.76,--,28,27328
14:54:06,9.76,--,5,5777
14:54:01,9.76,--,20,19676
14:53:56,9.76,--,19,19363
14:53:51,9.76,--,14,13742
14:53:46,9.76,--,52,50752
14:53:31,9.76,--,24,23424
14:53:25,9.76,--,10,9838
14:53:15,9.76,--,419,409763
14:53:05,9.76,--,11,10775
14:53:00,9.76,--,4,4840
14:52:50,9.76,--,3,2967
14:52:45,9.76,--,140,136640
14:52:35,9.76,--,12,11712
14:52:35,9.76,--,11,10775
14:52:30,9.76,--,83,81047
14:52:25,9.76,--,32,32168
14:52:20,9.76,--,12,12648
14:52:10,9.76,--,31,30295
14:52:10,9.76,--,62,60590
14:52:00,9.76,--,20,20456
14:52:00,9.76,--,102,100410
14:51:50,9.76,--,2,2030
14:51:50,9.76,--,2,2030
14:51:40,9.76,--,49,48721
14:51:35,9.76,--,159,155223
14:51:30,9.76,--,9,9681
14:51:25,9.76,--,0,936
14:51:20,9.76,--,45,44037
14:51:15,9.76,--,12,11712
14:51:05,9.76,--,1,1873
14:50:50,9.76,--,4,3904
14:50:45,9.76,--,10,9838
14:50:40,9.76,--,3,2967
14:50:35,9.76,--,126,123834
14:50:30,9.76,--,20,19520
14:50:25,9.76,--,5,4997
14:50:15,9.76,--,4,4840
14:50:10,9.76,--,4,4840
14:50:05,9.76,--,12,12648
14:50:00,9.76,--,100,97600
14:49:50,9.76,--,11,10775
14:49:50,9.76,--,2,2030
14:49:45,9.76,--,52,51688
14:49:35,9.76,--,785,767057
14:49:30,9.76,--,10,9838
14:49:25,9.76,--,24,24360
14:49:15,9.76,--,7,6871
14:49:10,9.76,--,1,1873
14:49:05,9.76,--,0,936
14:48:59,9.76,--,8,7808
14:48:49,9.76,--,128,124928
14:48:44,9.76,--,283,276247
14:48:34,9.76,--,209,204101
14:48:29,9.76,--,35,34979
14:48:24,9.76,--,29,29201
14:48:19,9.76,--,1,1093
14:48:09,9.76,--,36,35136
14:48:09,9.76,--,14,14522
14:48:04,9.76,--,69,67461
14:47:54,9.76,--,40,39976
14:47:39,9.76,--,1,1873
14:47:34,9.76,--,2,2030
14:47:29,9.76,--,4,4840
14:47:24,9.76,--,20,19520
14:47:14,9.76,--,4,4840
14:47:14,9.76,--,21,20613
14:47:09,9.76,--,20,20456
14:47:04,9.76,--,19,18583
14:46:59,9.76,--,9,9681
14:46:54,9.76,--,706,689134
14:46:49,9.76,--,4,4840
14:46:44,9.76,--,15,14679
14:46:39,9.76,--,0,936
14:46:29,9.76,--,16,16552
14:46:24,9.76,--,24,24360
14:46:14,9.76,--,60,58560
14:46:09,9.76,--,35,34199
14:46:04,9.76,--,4,4840
14:45:59,9.76,--,9,8901
14:45:54,9.76,--,22,22330
14:45:49,9.76,--,116,113216
14:45:39,9.76,--,1,1093
14:45:39,9.76,--,98,96506
14:45:34,9.76,--,3,2967
14:45:29,9.76,--,32,32168
14:45:24,9.76,--,2,2030
14:45:19,9.76,--,20,20456
14:45:14,9.76,--,40,39976
14:45:09,9.76,--,55,53719
14:45:04,9.76,--,52,50752
14:44:59,9.76,--,67,65431
14:44:54,9.76,--,125,122897
14:44:44,9.76,--,3,2967
14:44:39,9.76,--,102,99630
14:44:34,9.76,--,21,21393
14:44:28,9.76,--,80,78080
14:44:13,9.76,--,3,2967
14:44:13,9.76,--,35,34199
14:44:08,9.76,--,32,32168
14:44:03,9.76,--,0,936
14:43:58,9.76,--,12,12648
14:43:43,9.76,--,20,19520
14:43:43,9.76,--,6,5934
14:43:38,9.76,--,216,210816
14:43:28,9.76,--,0,936
14:43:28,9.76,--,46,44974
14:43:23,9.76,--,30,30138
14:43:13,9.76,--,35,34199
14:43:08,9.76,--,7,6871
14:43:03,9.76,--,16,15616
14:42:53,9.76,--,4,4840
14:42:48,9.76,--,47,45911
14:42:43,9.76,--,209,204881
14:42:38,9.76,--,11,10775
14:42:33,9.76,--,34,33262
14:42:23,9.76,--,12,11712
14:42:18,9.76,--,0,936
14:42:08,9.76,--,0,936
14:42:03,9.76,--,335,326999
14:41:53,9.76,--,40,39976
14:41:48,9.76,--,10,9838
14:41:43,9.76,--,4,3904
14:41:38,9.76,--,5,5777
14:41:33,9.76,--,10,9838
14:41:28,9.76,--,34,34042
14:41:23,9.76,--,17,16709
14:41:08,9.76,--,4,4840
14:41:03,9.76,--,17,17489
14:40:53,9.76,--,9,8901
14:40:48,9.76,--,66,65274
14:40:43,9.76,--,23,22487
14:40:38,9.76,--,52,51688
14:40:33,9.76,--,55,53719
14:40:28,9.76,--,20,19520
14:40:23,9.76,--,4,4840
14:40:18,9.76,--,10,9838
14:40:13,9.76,--,20,19520
14:40:08,9.76,--,0,936
14:40:02,9.76,--,3,2967
14:39:57,9.76,--,12,12648
14:39:52,9.76,--,38,37166
14:39:47,9.76,--,17,17489
14:39:37,9.76,--,126,123054
14:39:37,9.76,--,20,19520
14:39:32,9.76,--,4,3904
14:39:27,9.76,--,0,936
14:39:12,9.76,--,29,29201
14:39:12,9.76,--,533,520325
14:39:07,9.76,--,82,80890
14:39:02,9.76,--,43,42007
14:38:57,9.76,--,100,97600
14:38:52,9.76,--,28,28264
14:38:42,9.76,--,5,4997
14:38:37,9.76,--,6,6714
14:38:32,9.76,--,67,65431
14:38:22,9.76,--,10,9838
14:38:17,9.76,--,132,129768
14:38:12,9.76,--,56,55592
14:38:07,9.76,--,11,10775
14:38:02,9.76,--,88,85888
14:37:57,9.76,--,9,9681
14:37:52,9.76,--,8,7808
14:37:47,9.76,--,11,10775
14:37:42,9.76,--,4,4840
14:37:37,9.76,--,39,38103
14:37:32,9.76,--,52,51688
14:37:27,9.76,--,5,4997
14:37:22,9.76,--,1,1873
14:37:17,9.76,--,15,14679
14:37:07,9.76,--,64,62464
14:37:02,9.76,--,20,19520
14:36:57,9.76,--,55,53719
14:36:52,9.76,--,92,89792
14:36:47,9.76,--,22,22330
14:36:42,9.76,--,34,33262
14:36:37,9.76,--,20,20456
14:36:32,9.76,--,70,68398
14:36:27,9.76,--,157,154129
14:36:17,9.76,--,67,65431
14:36:07,9.76,--,96,93696
14:36:02,9.76,--,4,4840
14:35:57,9.76,--,3,2967
14:35:52,9.76,--,11,10775
14:35:47,9.76,--,8,7808
14:35:42,9.76,--,6,6714
14:35:37,9.76,--,221,215813
14:35:31,9.76,--,8,7808
14:35:26,9.76,--,244,239080
14:35:21,9.76,--,9,9681
14:35:16,9.76,--,92,89792
14:35:11,9.76,--,18,17646
14:35:06,9.76,--,112,109312
14:35:01,9.76,--,3732,3642432
14:34:56,9.76,--,31,30295
14:34:51,9.76,--,68,67304
14:34:46,9.76,--,28,28264
14:34:41,9.76,--,11,10775
14:34:36,9.76,--,23,22487
14:34:31,9.76,--,2,2810
14:34:26,9.76,--,10,9838
14:34:21,9.76,--,48,46848
14:34:16,9.76,--,12,11712
14:34:06,9.76,--,27,26391
14:34:01,9.76,--,88,86824
14:33:56,9.76,--,29,29201
14:33:51,9.76,--,90,87918
14:33:41,9.76,--,0,936
14:33:36,9.76,--,30,29358
14:33:31,9.76,--,9,9681
14:33:26,9.76,--,8,7808
14:33:21,9.76,--,22,21550
14:33:16,9.76,--,4,4840
14:33:06,9.76,--,28,27328
14:33:06,9.76,--,23,22487
14:33:01,9.76,--,49,48721
14:32:51,9.76,--,8,8744
14:32:51,9.76,--,4,3904
14:32:36,9.76,--,67,65431
14:32:36,9.76,--,42,41070
14:32:31,9.76,--,0,936
14:32:26,9.76,--,55,53719
14:32:16,9.76,--,12,12648
14:32:11,9.76,--,32,31232
14:32:06,9.76,--,17,17489
14:32:01,9.76,--,13,12805
14:31:56,9.76,--,20,19520
14:31:46,9.76,--,10,10618
14:31:46,9.76,--,10,9838
14:31:41,9.76,--,8,8744
14:31:36,9.76,--,20,19520
14:31:31,9.76,--,36,36072
14:31:26,9.76,--,10,9838
14:31:21,9.76,--,4,4840
14:31:16,9.76,--,0,936
14:31:05,9.76,--,1,1093
14:31:00,9.76,--,8,8744
14:30:55,9.76,--,15,14679
14:30:50,9.76,--,12,12648
14:30:45,9.76,--,53,52625
14:30:40,9.76,--,136,132736
14:30:30,9.76,--,727,709591
14:30:25,9.76,--,4,3904
14:30:15,9.76,--,4,4840
14:30:10,9.76,--,42,41070
14:30:05,9.76,--,57,56529
14:29:55,9.76,--,12,11712
14:29:45,9.76,--,43,42007
14:29:40,9.76,--,207,202071
14:29:30,9.76,--,1,1873
14:29:25,9.76,--,60,58560
14:29:20,9.76,--,2,2030
14:29:05,9.76,--,11,10775
14:28:55,9.76,--,200,195200
14:28:55,9.76,--,66,65274
14:28:50,9.76,--,3,2967
14:28:45,9.76,--,23,22487
14:28:40,9.76,--,752,733952
14:28:35,9.76,--,17,17489
14:28:30,9.76,--,8,7808
14:28:25,9.76,--,67,65431
14:28:20,9.76,--,16,15616
14:28:10,9.76,--,188,183488
14:28:05,9.76,--,16,15616
14:28:00,9.76,--,50,48878
14:27:55,9.76,--,165,161937
14:27:50,9.76,--,28,28264
14:27:45,9.76,--,15,14679
14:27:40,9.76,--,4,4840
14:27:35,9.76,--,521,508613
14:27:30,9.76,--,1,1873
14:27:20,9.76,--,8,7808
14:27:10,9.76,--,3,2967
14:27:05,9.76,--,24,23424
14:27:00,9.76,--,17,17489
14:26:46,9.76,--,26,25454
14:26:41,9.76,--,31,30295
14:26:31,9.76,--,54,53562
14:26:26,9.76,--,2122,2071150
14:26:11,9.76,--,9,9681
14:26:06,9.76,--,3,2967
14:25:56,9.76,--,131,127895
14:25:51,9.76,--,29,29201
14:25:41,9.76,--,13,12805
14:25:26,9.76,--,37,37009
14:25:26,9.76,--,406,396334
14:25:11,9.76,--,304,296704
14:24:56,9.76,--,12,11712
14:24:51,9.76,--,64,62464
14:24:41,9.76,--,8,7808
14:24:36,9.76,--,29,29201
14:24:26,9.76,--,15,14679
14:24:21,9.76,--,4,4840
14:24:06,9.76,--,70,68398
14:24:01,9.76,--,8,8744
14:23:51,9.76,--,1,1873
14:23:51,9.76,--,13,12805
14:23:46,9.76,--,16,16552
14:23:31,9.76,--,109,107281
14:23:21,9.76,--,34,33262
14:23:06,9.76,--,159,155223
14:23:06,9.76,--,4,4840
14:22:51,9.76,--,8,8744
14:22:51,9.76,--,46,44974
14:22:46,9.76,--,88,86824
14:22:41,9.76,--,616,602152
14:22:26,9.76,--,10,9838
14:22:26,9.76,--,194,190202
14:22:16,9.76,--,44,42944
14:22:11,9.76,--,37,36229
14:21:46,9.76,--,40,39976
14:21:46,9.76,--,5585,5451233
14:21:41,9.76,--,18,17646
14:21:26,9.76,--,237,232209
14:21:16,9.76,--,1,1093
14:21:11,9.76,--,40,39040
14:20:56,9.76,--,1660,1621096
14:20:51,9.76,--,16,15616
14:20:41,9.76,--,137,134609
14:20:26,9.76,--,8,7808
14:20:21,9.76,--,10,9838
14:20:11,9.76,--,3,2967
14:20:06,9.76,--,50,49658
14:19:56,9.76,--,4,3904
14:19:51,9.76,--,45,44037
14:19:36,9.76,--,174,170682
14:19:11,9.76,--,66,64494
14:19:11,9.76,--,45,44817
14:19:06,9.76,--,79,77143
14:18:50,9.76,--,43,42007
14:18:40,9.76,--,56,54656
14:18:30,9.76,--,31,30295
14:18:20,9.76,--,129,126801
14:18:20,9.76,--,20,20456
14:18:15,9.76,--,156,152256
14:17:55,9.76,--,102,99630
14:17:40,9.76,--,14,14054
14:17:40,9.76,--,15,14679
14:17:35,9.76,--,76,75112
14:17:20,9.76,--,141,137733
14:17:05,9.76,--,44,42944
14:16:55,9.76,--,38,37946
14:16:40,9.76,--,21,20613
14:16:35,9.76,--,166,162874
14:16:25,9.76,--,17,16709
14:16:15,9.76,--,133,130705
14:16:05,9.76,--,111,108375
14:16:05,9.76,--,101,99473
14:15:50,9.76,--,40,39040
14:15:45,9.76,--,76,74176
14:15:35,9.76,--,126,123054
14:15:20,9.76,--,187,182551
14:15:20,9.76,--,50,49658
14:15:05,9.76,--,118,115246
14:15:05,9.76,--,55,53719
14:14:50,9.76,--,216,210816
14:14:50,9.76,--,264,257664
14:14:40,9.76,--,36,35136
14:14:40,9.76,--,116,113216
14:14:30,9.76,--,217,212689
14:14:15,9.76,--,20,19520
14:14:05,9.76,--,474,462702
14:14:00,9.76,--,24,24360
14:13:50,9.76,--,1,1873
14:13:45,9.76,--,16,15616
14:13:40,9.76,--,91,88855
14:13:30,9.76,--,0,936
14:13:25,9.76,--,39,38103
14:13:15,9.76,--,176,172712
14:13:10,9.76,--,43,42007
14:13:00,9.76,--,127,123991
14:12:40,9.76,--,1576,1538176
14:12:30,9.76,--,108,106344
14:12:20,9.76,--,7,6871
14:12:20,9.76,--,127,123991
14:12:05,9.76,--,38,37946
14:11:55,9.76,--,19,18583
14:11:50,9.76,--,104,102440
14:11:35,9.76,--,39,38103
14:11:05,9.76,--,59,57623
14:11:05,9.76,--,24,23424
14:11:00,9.76,--,80,78080
14:10:50,9.76,--,60,58560
14:10:50,9.76,--,32,31232
14:10:35,9.76,--,23,22487
14:10:35,9.76,--,5,5777
14:10:20,9.76,--,8,7808
14:10:15,9.76,--,68,67304
14:10:10,9.76,--,301,293893
14:10:00,9.76,--,13,13585
14:10:00,9.76,--,20,19520
14:09:55,9.76,--,30,29358
14:09:45,9.76,--,50,49658
14:09:30,9.76,--,11,10775
14:09:25,9.76,--,102,99630
14:09:10,9.76,--,49,48721
14:09:10,9.76,--,72,70272
14:09:00,9.76,--,280,273280
14:08:45,9.76,--,136,133672
14:08:25,9.76,--,34,33262
14:08:20,9.76,--,15,14679
14:08:20,9.76,--,70,69178
14:08:15,9.76,--,281,274373
14:08:00,9.76,--,9,9681
14:08:00,9.76,--,134,130862
14:07:50,9.76,--,16,16552
14:07:45,9.76,--,53,52625
14:07:35,9.76,--,25,24517
14:07:30,9.76,--,52,51688
14:07:05,9.76,--,8,7808
14:07:00,9.76,--,13,13585
14:06:45,9.76,--,39,38103
14:06:40,9.76,--,12,12648
14:06:40,9.76,--,209,204101
14:06:25,9.76,--,24,23424
14:06:25,9.76,--,69,68241
14:06:14,9.76,--,26,25454
14:06:09,9.76,--,281,275153
14:05:54,9.76,--,380,370880
14:05:44,9.76,--,16,16552
14:05:39,9.76,--,1,1093
14:05:24,9.76,--,325,318097
14:05:24,9.76,--,36,36072
14:05:09,9.76,--,66,64494
14:04:54,9.76,--,163,159127
14:04:54,9.76,--,236,231272
14:04:44,9.76,--,9,9681
14:04:34,9.76,--,1698,1657326
14:04:34,9.76,--,133,130705
14:04:24,9.76,--,230,224558
14:04:19,9.76,--,212,206912
14:04:09,9.76,--,172,167872
14:03:49,9.76,--,76,74176
14:03:34,9.76,--,14,14522
14:03:34,9.76,--,312,305136
14:03:24,9.76,--,124,121024
14:03:19,9.76,--,6,6714
14:03:14,9.76,--,123,120087
14:02:59,9.76,--,316,309352
14:02:49,9.76,--,354,345582
14:02:39,9.76,--,320,312320
14:02:04,9.76,--,112,110248
14:02:04,9.76,--,346,337774
14:01:39,9.76,--,306,299514
14:01:39,9.76,--,56,54656
14:01:29,9.76,--,664,648064
14:01:14,9.76,--,35,34199
14:00:59,9.76,--,24,23424
14:00:59,9.76,--,2,2030
14:00:44,9.76,--,78,76986
14:00:39,9.76,--,584,569984
14:00:29,9.76,--,77,75269
14:00:24,9.76,--,408,398208
14:00:14,9.76,--,0,936
14:00:09,9.76,--,76,75112
13:59:59,9.76,--,7,6871
13:59:39,9.76,--,185,181457
13:59:39,9.76,--,180,175680
13:59:19,9.76,--,176,171776
13:59:19,9.76,--,308,300608
13:59:04,9.76,--,58,56686
13:58:44,9.76,--,539,526103
13:58:44,9.76,--,10,10618
13:58:39,9.76,--,13,12805
13:58:34,9.76,--,53,52625
13:58:24,9.76,--,126,123054
13:58:09,9.76,--,94,92602
13:58:09,9.76,--,114,111342
13:57:59,9.76,--,207,202071
13:57:44,9.76,--,72,70272
13:57:39,9.76,--,30,30138
13:57:29,9.76,--,39,38103
13:57:24,9.76,--,12,11712
13:57:09,9.76,--,64,62464
13:57:09,9.76,--,20,19520
13:57:04,9.76,--,59,57623
13:56:49,9.76,--,736,718336
13:56:24,9.76,--,1016,991616
13:56:24,9.76,--,40,39976
13:56:19,9.76,--,643,627607
13:56:09,9.76,--,29,29201
13:55:54,9.76,--,514,501742
13:55:54,9.76,--,38,37946
13:55:49,9.76,--,19,18583
13:55:39,9.76,--,444,433344
13:55:34,9.76,--,749,731141
13:55:24,9.76,--,98,96506
13:55:19,9.76,--,35,34199
13:55:14,9.76,--,1080,1055016
13:54:49,9.76,--,144,140544
13:54:34,9.76,--,779,760343
13:54:34,9.76,--,539,526103
13:54:14,9.76,--,43,42007
13:54:14,9.76,--,371,362915
13:54:04,9.76,--,346,337774
13:53:49,9.76,--,172,167872
13:53:44,9.76,--,339,330903
13:53:39,9.76,--,268,262504
13:53:23,9.76,--,104,102440
13:53:13,9.76,--,336,328872
13:53:08,9.76,--,10,9838
13:52:53,9.76,--,20,20456
13:52:53,9.76,--,13,12805
13:52:43,9.76,--,224,219560
13:52:28,9.76,--,481,470353
13:52:28,9.76,--,128,125864
13:52:13,9.76,--,361,352453
13:52:13,9.76,--,40,39976
13:51:58,9.76,--,104,102440
13:51:58,9.76,--,9,8901
13:51:53,9.76,--,14,14522
13:51:38,9.76,--,100,98536
13:51:38,9.76,--,16,15616
13:51:23,9.76,--,74,72302
13:51:23,9.76,--,4,3904
13:51:18,9.76,--,43,42007
13:51:13,9.76,--,36,35136
13:51:03,9.76,--,56,55592
13:50:38,9.76,--,784,766120
13:50:38,9.76,--,84,81984
13:50:33,9.76,--,536,523136
13:49:58,9.76,--,514,501742
13:49:58,9.76,--,311,303575
13:49:43,9.76,--,353,345425
13:49:23,9.76,--,236,231272
13:49:23,9.76,--,202,197230
13:49:13,9.76,--,133,130705
13:48:38,9.76,--,75,73239
13:48:38,9.76,--,73,72145
13:48:28,9.76,--,19,18583
13:48:08,9.76,--,182,177710
13:48:08,9.76,--,84,81984
13:47:48,9.76,--,55,53719
13:47:43,9.76,--,251,245795
13:47:33,9.76,--,41,40133
13:47:33,9.76,--,52,51688
13:47:23,9.76,--,84,81984
13:47:18,9.76,--,351,342615
13:47:03,9.76,--,64,62464
13:46:58,9.76,--,51,49815
13:46:48,9.76,--,40,39976
13:46:48,9.76,--,55,53719
13:46:38,9.76,--,112,109312
13:46:33,9.76,--,50,49658
13:46:18,9.76,--,172,167872
13:46:13,9.76,--,236,230336
13:46:03,9.76,--,256,250792
13:45:48,9.76,--,91,88855
13:45:48,9.76,--,188,184424
13:45:43,9.76,--,383,373847
13:45:23,9.76,--,150,146478
13:45:13,9.76,--,157,154129
13:44:58,9.76,--,196,192232
13:44:53,9.76,--,119,116183
13:44:43,9.76,--,203,198167
13:44:43,9.76,--,36,35136
13:44:28,9.76,--,366,357294
13:44:23,9.76,--,270,264378
13:44:13,9.76,--,168,163968
13:43:58,9.76,--,187,182551
13:43:53,9.76,--,256,250792
13:43:48,9.76,--,437,426629
13:43:38,9.76,--,161,158033
13:43:33,9.76,--,180,176616
13:43:23,9.76,--,84,81984
13:43:08,9.76,--,214,208942
13:42:53,9.76,--,1301,1270673
13:42:53,9.76,--,207,202071
13:42:48,9.76,--,100,97600
13:42:38,9.76,--,1175,1146839
13:42:33,9.76,--,237,232209
13:42:18,9.76,--,764,746600
13:42:13,9.76,--,194,189422
13:42:03,9.76,--,1872,1828008
13:41:58,9.76,--,918,896046
13:41:48,9.76,--,6420,6266076
13:41:48,9.76,--,35916,35054952
13:41:33,9.76,--,22985,22434257
13:41:18,9.76,--,6786,6623526
13:41:13,9.76,--,29330,28626470
13:41:03,9.76,--,10105,9863377
13:40:58,9.76,--,38847,37914711
13:40:38,9.76,--,9728,9494996
13:40:23,9.76,--,426,415854
13:40:08,9.76,--,171,166935
13:40:02,9.76,--,297,290769
13:39:47,9.76,--,472,460672
13:39:37,9.76,--,44,42944
13:39:32,9.76,--,371,362135
13:39:17,9.76,--,308,300608
13:39:02,9.76,--,321,314193
13:38:57,9.76,--,332,324032
13:38:47,9.76,--,3738,3648366
13:38:32,9.76,--,105,103377
13:38:27,9.76,--,420,409920
13:38:17,9.76,--,235,229399
13:38:12,9.76,--,462,450990
13:37:57,9.76,--,464,452864
13:37:52,9.76,--,717,700689
13:37:42,9.76,--,10,9838
13:37:27,9.76,--,943,921187
13:37:27,9.76,--,204,199104
13:37:12,9.76,--,557,544529
13:37:12,9.76,--,114,111342
13:36:57,9.76,--,596,581696
13:36:57,9.76,--,265,259537
13:36:52,9.76,--,640,624640
13:36:42,9.76,--,301,293893
13:36:37,9.76,--,608,593408
13:36:07,9.76,--,884,863720
13:36:07,9.76,--,2432,2374568
13:36:07,9.76,--,1356,1323456
13:35:52,9.76,--,2528,2468264
13:35:37,9.76,--,1720,1678720
13:35:32,9.76,--,10761,10503165
13:35:22,9.76,0.01,956,933992
13:35:07,9.75,--,2577,2513472
13:35:02,9.75,--,700,682500
13:34:47,9.75,--,671,654264
13:34:42,9.75,-0.01,1003,977964
13:34:32,9.76,--,2300,2245736
13:34:27,9.76,--,2396,2338808
13:34:22,9.76,0.01,686,669614
13:34:12,9.75,--,2004,1954836
13:34:07,9.75,--,1145,1117272
13:34:02,9.75,--,1015,989664
13:33:47,9.75,-0.01,14288,13930800
13:33:47,9.76,0.02,11150,10882478
13:33:42,9.74,0.01,1965,1914806
13:33:32,9.73,-0.01,672,653856
13:33:12,9.74,--,1735,1689928
13:33:07,9.74,--,312,303888
13:33:07,9.74,--,4804,4680031
13:32:52,9.74,-0.01,4394,4279833
13:32:37,9.75,--,588,573300
13:32:32,9.75,--,481,469872
13:32:17,9.75,--,814,793728
13:32:02,9.75,-0.01,9559,9320064
13:32:02,9.76,--,1216,1187752
13:31:52,9.76,--,8839,8626903
13:31:47,9.76,--,6573,6415677
13:31:32,9.76,--,5879,5737943
13:31:02,9.76,0.01,26959,26312179
13:30:47,9.75,--,11080,10803936
13:30:47,9.75,-0.01,2092,2039700
13:30:42,9.76,0.01,25449,24838341
13:30:27,9.75,--,4128,4025736
13:30:17,9.75,--,5434,5298228
13:30:17,9.75,0.02,6124,5971368
13:30:07,9.73,-0.01,3381,3290608
13:29:47,9.74,--,457,445390
13:29:47,9.74,--,1073,1045998
13:29:37,9.74,0.01,1050,1022777
13:29:37,9.73,0.01,2580,2510340
13:29:22,9.72,0.02,6277,6101982
13:29:12,9.7,-0.01,1000,970931
13:28:57,9.71,0.01,1240,1204972
13:28:57,9.7,0.01,1276,1238185
13:28:37,9.69,--,2813,2725913
13:28:22,9.69,--,3018,2925294
13:28:22,9.69,0.01,4216,4085304
13:27:52,9.68,-0.01,2854,2762904
13:27:52,9.69,--,1971,1909937
13:27:32,9.69,--,580,562020
13:27:32,9.69,-0.01,1542,1495050
13:27:17,9.7,-0.01,11156,10821320
13:27:06,9.71,--,1076,1044796
13:26:51,9.71,-0.01,1596,1550492
13:26:51,9.72,--,489,475424
13:26:41,9.72,-0.01,928,902949
13:26:41,9.73,0.01,196,191642
13:26:31,9.72,-0.01,1004,975888
13:26:16,9.73,-0.02,1329,1293233
13:26:16,9.75,-0.01,684,666900
13:26:11,9.76,--,14660,14308784
13:26:01,9.76,--,13912,13578112
13:25:56,9.76,--,17766,17340474
13:25:41,9.76,--,13964,13629332
13:25:26,9.76,--,11229,10959621
13:25:26,9.76,--,1489,1454161
13:25:21,9.76,--,3816,3725352
13:25:11,9.76,--,2890,2820718
13:25:11,9.76,--,3878,3785318
13:25:06,9.76,--,6128,5980928
13:24:56,9.76,--,2419,2360983
13:24:41,9.76,--,6155,6007319
13:24:36,9.76,--,9660,9428940
13:24:26,9.76,--,2243,2189207
13:24:21,9.76,0.01,77446,75588154
13:24:11,9.75,0.01,28401,27691872
13:24:06,9.74,0.01,32551,31704712
13:23:51,9.73,-0.01,15073,14666924
13:23:51,9.74,0.01,508,494792
13:23:31,9.73,--,6764,6581527
13:23:31,9.73,0.01,1889,1838892
13:23:26,9.72,--,2959,2876186
13:23:21,9.72,-0.01,4718,4585973
13:22:56,9.73,--,497,484476
13:22:46,9.73,0.01,2040,1985854
13:22:46,9.72,0.01,1191,1157690
13:22:41,9.71,-0.02,1368,1328328
13:22:36,9.73,0.02,816,793968
13:22:26,9.71,--,790,767167
13:22:16,9.71,-0.01,2320,2252720
13:21:56,9.72,0.01,2024,1967328
13:21:56,9.71,--,1454,1411834
13:21:51,9.71,--,1104,1072838
13:21:41,9.71,0.01,640,621440
13:21:36,9.7,--,2972,2883771
13:21:11,9.7,0.03,8240,7993343
13:21:11,9.67,--,1097,1060837
13:21:06,9.67,-0.01,846,819010
13:20:56,9.68,0.01,20,19360
13:20:46,9.67,-0.01,705,681773
13:20:41,9.68,-0.01,517,501346
13:20:36,9.69,--,246,238451
13:20:21,9.69,--,94,91628
13:20:11,9.69,-0.01,1338,1296522
13:20:06,9.7,--,47,45628
13:20:06,9.7,-0.01,6952,6744371
13:19:46,9.71,-0.02,4403,4276050
13:19:31,9.73,--,169,165332
13:19:21,9.73,0.02,771,750221
13:19:21,9.71,-0.02,478,464138
13:19:16,9.73,0.01,1550,1508150
13:18:51,9.72,-0.02,2166,2105352
13:18:51,9.74,--,1514,1475571
13:18:46,9.74,0.01,2856,2781744
13:18:36,9.73,--,6638,6458851
13:18:31,9.73,-0.01,664,647006
13:18:26,9.74,--,5947,5792416
13:18:16,9.74,--,989,964182
13:18:11,9.74,--,4085,3978828
13:17:56,9.74,--,1853,1804860
13:17:51,9.74,-0.01,6268,6105967
13:17:46,9.75,--,5272,5141136
13:17:36,9.75,0.01,4227,4121364
13:17:16,9.74,0.01,7007,6824856
13:17:11,9.73,--,982,956420
13:17:01,9.73,--,1998,1944054
13:17:01,9.73,-0.01,988,961324
13:16:56,9.74,0.02,4578,4459283
13:16:51,9.72,0.02,1522,1480317
13:16:41,9.7,--,841,815808
13:16:41,9.7,--,1410,1367855
13:16:36,9.7,-0.02,4681,4540608
13:16:26,9.72,0.03,4703,4572054
13:16:16,9.69,-0.01,2328,2255832
13:16:11,9.7,--,901,874008
13:15:56,9.7,--,3124,3031211
13:15:56,9.7,0.01,506,491207
13:15:51,9.69,--,23977,23233751
13:15:41,9.69,-0.01,1892,1834278
13:15:26,9.7,--,17477,16953194
13:15:21,9.7,--,1708,1656759
13:15:21,9.7,0.01,4174,4049711
13:15:06,9.69,--,937,907991
13:14:51,9.69,0.02,10394,10072251
13:14:51,9.67,-0.01,2044,1976548
13:14:41,9.68,--,1334,1291312
13:14:36,9.68,-0.01,1662,1609745
13:14:18,9.69,0.03,800,775200
13:14:18,9.66,--,403,389336
13:14:13,9.66,0.01,428,413448
13:14:08,9.65,--,6900,6658500
13:14:03,9.65,--,582,561630
13:13:58,9.65,-0.02,972,937980
13:13:53,9.67,0.02,996,963132
13:13:48,9.65,--,2102,2028430
13:13:28,9.65,-0.01,1428,1378020
13:13:28,9.66,0.01,1050,1014300
13:13:23,9.65,--,1231,1187953
13:13:13,9.65,0.01,500,482500
13:13:03,9.64,-0.01,277,267066
13:12:58,9.65,0.01,1291,1246471
13:12:48,9.64,0.01,296,285344
13:12:43,9.63,-0.01,1536,1480015
13:12:33,9.64,--,508,490637
13:12:23,9.64,--,516,497963
13:12:23,9.64,--,343,330844
13:12:18,9.64,--,419,403954
13:12:13,9.64,-0.02,337,325060
13:12:08,9.66,0.01,487,470480
13:12:03,9.65,--,1308,1263146
13:11:58,9.65,-0.01,1703,1643433
13:11:53,9.66,--,722,698379
13:11:48,9.66,--,605,585241
13:11:43,9.66,-0.02,629,607807
13:11:38,9.68,--,512,495616
13:11:33,9.68,-0.01,418,404624
13:11:28,9.69,--,1858,1801332
13:11:23,9.69,-0.01,4765,4617323
13:11:18,9.7,0.02,466,452951
13:11:13,9.68,-0.03,1923,1861889
13:11:08,9.71,0.01,1054,1023589
13:11:03,9.7,--,1564,1517468
13:10:58,9.7,--,2198,2132060
13:10:53,9.7,-0.01,955,926466
13:10:47,9.71,0.01,11076,10754796
13:10:37,9.7,--,690,669300
13:10:32,9.7,0.03,12471,12097762
13:10:27,9.67,0.01,3496,3381096
13:10:17,9.66,--,10180,9833880
13:10:12,9.66,--,848,819708
13:10:07,9.66,--,2420,2338647
13:10:02,9.66,0.01,1906,1841196
13:09:57,9.65,--,1262,1217830
13:09:47,9.65,0.01,1175,1134145
13:09:42,9.64,0.01,3500,3374000
13:09:42,9.63,0.01,758,729954
13:09:37,9.62,--,824,793611
13:09:32,9.62,0.01,126,121211
13:09:27,9.61,0.01,181,173979
13:09:22,9.6,--,8440,8103321
13:09:17,9.6,--,6446,6188160
13:09:07,9.6,0.01,5012,4811980
13:09:07,9.59,--,773,741345
13:09:02,9.59,--,3368,3230832
13:08:57,9.59,--,483,463235
13:08:52,9.59,--,216,207450
13:08:47,9.59,0.01,876,841004
13:08:42,9.58,0.01,1188,1138104
13:08:37,9.57,-0.01,3484,3335106
13:08:32,9.58,--,1718,1645844
13:08:27,9.58,--,410,392780
13:08:22,9.58,--,794,760652
13:08:17,9.58,0.01,718,688763
13:08:12,9.57,--,2167,2074240
13:08:07,9.57,--,750,717750
13:08:02,9.57,--,1708,1634556
13:07:57,9.57,0.01,446,426822
13:07:52,9.56,0.01,402,384312
13:07:47,9.55,-0.02,202,193826
13:07:42,9.57,--,5374,5142918
13:07:37,9.57,0.04,11980,11465013
13:07:32,9.53,-0.01,108,102924
13:07:27,9.54,0.01,486,463720
13:07:22,9.53,-0.01,289,276293
13:07:11,9.54,0.01,970,926295
13:07:11,9.53,-0.01,1141,1087411
13:07:06,9.54,0.01,2356,2248539
13:07:01,9.53,--,158,150574
13:06:56,9.53,-0.01,142,135326
13:06:51,9.54,0.01,289,275820
13:06:46,9.53,--,53,51385
13:06:36,9.53,-0.01,1620,1543860
13:06:36,9.54,--,461,440290
13:06:31,9.54,-0.01,346,330083
13:06:26,9.55,0.02,1380,1318816
13:06:21,9.53,--,346,329738
13:06:16,9.53,--,247,235962
13:06:11,9.53,--,640,609920
13:06:06,9.53,--,308,294438
13:06:01,9.53,--,619,589945
13:05:56,9.53,-0.01,328,312584
13:05:51,9.54,--,1568,1495871
13:05:46,9.54,--,1217,1161895
13:05:41,9.54,0.01,1192,1137168
13:05:36,9.53,--,210,200206
13:05:31,9.53,--,944,900546
13:05:26,9.53,0.02,232,222010
13:05:21,9.51,-0.01,97,92285
13:05:16,9.52,0.01,501,477294
13:05:11,9.51,0.01,609,579197
13:05:06,9.5,--,162,153900
13:05:01,9.5,--,368,350512
13:04:56,9.5,--,276,262656
13:04:46,9.5,0.01,191,181488
13:04:46,9.49,--,159,151460
13:04:41,9.49,-0.01,184,174616
13:04:36,9.5,0.01,2541,2413988
13:04:31,9.49,0.01,242,229658
13:04:26,9.48,-0.01,224,212352
13:04:16,9.49,0.01,464,441247
13:04:16,9.48,-0.01,725,687337
13:04:11,9.49,--,594,563706
13:04:06,9.49,--,226,214474
13:04:01,9.49,--,300,285307
13:03:56,9.49,--,140,133771
13:03:51,9.49,--,305,289482
13:03:46,9.49,--,92,88219
13:03:41,9.49,-0.02,364,345436
13:03:36,9.51,-0.01,2361,2245349
13:03:31,9.52,0.01,699,666019
13:03:26,9.51,-0.03,258,245358
13:03:21,9.54,--,774,739311
13:03:16,9.54,0.01,447,426476
13:03:11,9.53,-0.01,110,105744
13:03:06,9.54,-0.01,505,481808
13:03:01,9.55,0.03,1156,1104896
13:02:56,9.52,-0.02,693,659926
13:02:51,9.54,-0.02,1472,1404287
13:02:46,9.56,0.01,1077,1029650
13:02:41,9.55,--,380,362900
13:02:36,9.55,-0.01,374,357170
13:02:31,9.56,--,2226,2128973
13:02:26,9.56,0.01,1306,1248536
13:02:20,9.55,--,2506,2393917
13:02:15,9.55,-0.01,701,669875
13:02:10,9.56,0.01,1434,1370980
13:02:05,9.55,--,284,271220
13:02:00,9.55,-0.01,908,867827
13:01:55,9.56,0.02,1548,1480117
13:01:50,9.54,--,791,755415
13:01:45,9.54,-0.01,2864,2733171
13:01:40,9.55,0.01,1287,1229123
13:01:35,9.54,0.01,7379,7039756
13:01:30,9.53,-0.01,322,306866
13:01:25,9.54,0.03,2966,2830479
13:01:20,9.51,--,430,408930
13:01:15,9.51,0.01,644,612444
13:01:10,9.5,-0.01,244,231800
13:01:05,9.51,0.01,1890,1797770
13:01:00,9.5,0.01,3740,3553912
13:00:55,9.49,-0.01,7477,7095710
13:00:50,9.5,--,4288,4074512
13:00:45,9.5,0.01,1415,1344288
13:00:40,9.49,-0.01,156,148955
13:00:35,9.5,0.01,10351,9833488
13:00:30,9.49,--,118,111982
13:00:25,9.49,0.01,126,120485
13:00:20,9.48,0.03,1085,1028997
13:00:15,9.45,--,433,410054
13:00:10,9.45,-0.01,12881,12172582
13:00:05,9.46,0.03,12845,12152240
11:30:00,9.43,--,16,15088
11:29:55,9.43,--,112,105616
11:29:50,9.43,--,66,62238
11:29:45,9.43,--,558,527099
11:29:40,9.43,0.01,623,587979
11:29:35,9.42,--,220,207240
11:29:30,9.42,--,112,105504
11:29:25,9.42,--,458,431436
11:29:20,9.42,-0.01,194,182748
11:29:15,9.43,--,883,832706
11:29:10,9.43,--,18,17879
11:29:05,9.43,0.01,637,600728
11:29:00,9.42,-0.01,336,317416
11:28:55,9.43,--,197,185808
11:28:50,9.43,0.01,336,317753
11:28:45,9.42,--,188,177096
11:28:40,9.42,-0.01,75,70687
11:28:35,9.43,--,36,33948
11:28:30,9.43,-0.01,120,114065
11:28:25,9.44,--,436,411584
11:28:20,9.44,0.01,221,208661
11:28:15,9.43,--,212,200821
11:28:10,9.43,0.01,634,597862
11:28:05,9.42,-0.02,794,748400
11:28:00,9.44,--,286,270512
11:27:55,9.44,0.01,260,245440
11:27:50,9.43,0.01,3656,3447608
11:27:45,9.42,--,80,76264
11:27:40,9.42,--,186,175212
11:27:34,9.42,--,79,74455
11:27:29,9.42,0.01,602,567988
11:27:24,9.41,-0.01,608,572128
11:27:19,9.42,0.01,817,769651
11:27:14,9.41,--,194,183457
11:27:09,9.41,--,673,633782
11:27:04,9.41,0.01,430,405232
11:26:59,9.4,--,408,384422
11:26:54,9.4,--,730,686200
11:26:49,9.4,-0.01,15,14137
11:26:44,9.41,0.01,154,145817
11:26:39,9.4,0.01,1180,1109200
11:26:34,9.39,-0.01,551,517426
11:26:29,9.4,--,20,18800
11:26:19,9.4,--,116,109040
11:26:14,9.4,0.02,856,805542
11:26:09,9.38,-0.01,195,183397
11:25:59,9.39,--,754,708907
11:25:59,9.39,--,184,172776
11:25:54,9.39,--,180,169020
11:25:49,9.39,-0.01,103,96754
11:25:44,9.4,--,52,49782
11:25:39,9.4,0.01,1537,1444817
11:25:34,9.39,--,8,7512
11:25:29,9.39,0.01,128,120192
11:25:19,9.38,--,256,241028
11:25:19,9.38,-0.01,44,41272
11:25:14,9.39,--,290,272310
11:25:09,9.39,--,193,181264
11:25:04,9.39,--,62,59119
11:24:59,9.39,--,672,631008
11:24:54,9.39,0.01,161,151216
11:24:49,9.38,--,44,41272
11:24:44,9.38,--,20,18760
11:24:34,9.38,--,18,16884
11:24:34,9.38,0.01,168,157584
11:24:29,9.37,-0.01,198,186425
11:24:24,9.38,--,140,131320
11:24:19,9.38,--,55,51627
11:24:14,9.38,--,338,317044
11:24:09,9.38,--,228,213864
11:24:04,9.38,--,260,243880
11:23:54,9.38,--,88,83444
11:23:54,9.38,0.01,150,140700
11:23:49,9.37,-0.01,90,84330
11:23:44,9.38,--,292,273896
11:23:39,9.38,0.01,196,183848
11:23:29,9.37,-0.01,581,544434
11:23:24,9.38,--,48,45024
11:23:19,9.38,0.01,719,674759
11:23:09,9.37,-0.01,247,231476
11:23:03,9.38,0.01,286,269168
11:22:58,9.37,--,592,554704
11:22:53,9.37,--,1163,1089768
11:22:48,9.37,--,10,9370
11:22:43,9.37,--,78,73086
11:22:38,9.37,--,610,571570
11:22:33,9.37,--,60,56219
11:22:28,9.37,--,222,208013
11:22:23,9.37,--,12,11243
11:22:18,9.37,0.01,360,337320
11:22:13,9.36,-0.01,514,482002
11:22:08,9.37,0.01,56,52471
11:22:03,9.36,-0.01,51,47773
11:21:58,9.37,0.01,174,163937
11:21:53,9.36,-0.01,90,84240
11:21:43,9.37,0.01,94,88077
11:21:38,9.36,--,310,290160
11:21:28,9.36,-0.01,328,307008
11:21:23,9.37,--,33,30958
11:21:18,9.37,--,94,88977
11:21:13,9.37,--,218,204265
11:21:08,9.37,--,155,145272
11:21:03,9.37,--,616,578091
11:20:58,9.37,--,52,48723
11:20:53,9.37,--,44,41228
11:20:43,9.37,--,211,197744
11:20:38,9.37,--,50,47749
11:20:33,9.37,--,52,48723
11:20:28,9.37,--,68,63715
11:20:23,9.37,-0.01,339,317830
11:20:18,9.38,--,38,35644
11:20:13,9.38,0.01,20,18760
11:20:08,9.37,--,266,249241
11:20:03,9.37,--,283,265208
11:19:58,9.37,-0.01,72,67464
11:19:53,9.38,--,92,87196
11:19:48,9.38,--,34,31892
11:19:43,9.38,--,501,469975
11:19:38,9.38,--,24,23412
11:19:28,9.38,--,93,87796
11:19:23,9.38,--,103,96651
11:19:18,9.38,--,10,9380
11:19:13,9.38,--,274,257912
11:19:08,9.38,--,152,142576
11:19:03,9.38,--,150,140700
11:18:58,9.38,--,126,118188
11:18:53,9.38,--,28,26264
11:18:48,9.38,--,272,255136
11:18:43,9.38,--,71,67010
11:18:37,9.38,--,92,86296
11:18:32,9.38,--,20,18760
11:18:27,9.38,--,202,189476
11:18:22,9.38,--,682,640616
11:18:17,9.38,-0.01,20,18760
11:18:12,9.39,--,51,47926
11:18:07,9.39,--,52,49729
11:18:02,9.39,-0.01,240,225360
11:17:57,9.4,0.01,248,234022
11:17:52,9.39,--,38,35757
11:17:47,9.39,--,186,175555
11:17:42,9.39,--,120,112680
11:17:37,9.39,--,30,28170
11:17:32,9.39,--,124,116436
11:17:27,9.39,-0.01,140,131460
11:17:22,9.4,0.01,245,230337
11:17:17,9.39,-0.01,148,138972
11:17:07,9.4,--,32,30080
11:17:02,9.4,--,400,376000
11:16:57,9.4,--,378,356222
11:16:52,9.4,-0.01,210,197400
11:16:47,9.41,--,192,180672
11:16:42,9.41,0.01,211,198588
11:16:37,9.4,--,214,202062
11:16:32,9.4,-0.01,113,106257
11:16:27,9.41,--,54,51717
11:16:22,9.41,--,151,142128
11:16:12,9.41,0.01,106,99746
11:16:12,9.4,--,64,61062
11:16:07,9.4,--,831,781177
11:16:02,9.4,-0.01,284,267862
11:15:57,9.41,--,72,67752
11:15:52,9.41,--,131,123308
11:15:47,9.41,0.01,110,103510
11:15:42,9.4,--,266,250040
11:15:37,9.4,--,60,57302
11:15:32,9.4,--,18,16920
11:15:27,9.4,--,45,42337
11:15:22,9.4,0.02,3236,3042742
11:15:17,9.38,--,212,198856
11:15:07,9.38,-0.01,34,31892
11:15:07,9.39,0.01,51,47926
11:15:02,9.38,--,62,59056
11:14:57,9.38,--,128,120064
11:14:52,9.38,--,45,42247
11:14:47,9.38,0.01,126,119088
11:14:42,9.37,--,48,44975
11:14:37,9.37,-0.01,116,108691
11:14:32,9.38,--,36,33768
11:14:27,9.38,--,73,68511
11:14:22,9.38,--,84,78792
11:14:17,9.38,0.01,86,81568
11:14:12,9.37,-0.01,244,228627
11:14:06,9.38,0.01,163,152931
11:13:56,9.37,--,146,136802
11:13:56,9.37,-0.01,74,70237
11:13:46,9.38,0.01,52,48776
11:13:41,9.37,--,6,5621
11:13:36,9.37,-0.01,25,23462
11:13:31,9.38,--,24,23412
11:13:26,9.38,--,102,95676
11:13:21,9.38,--,76,71288
11:13:16,9.38,--,47,44123
11:13:11,9.38,-0.01,48,45024
11:13:06,9.39,0.01,50,46950
11:13:01,9.38,-0.01,38,36544
11:12:56,9.39,0.01,66,61974
11:12:51,9.38,--,56,52528
11:12:46,9.38,-0.01,199,186699
11:12:41,9.39,0.01,234,220627
11:12:36,9.38,--,71,66635
11:12:31,9.38,-0.01,216,202608
11:12:26,9.39,0.01,50,46950
11:12:21,9.38,--,54,51552
11:12:16,9.38,-0.01,152,142576
11:12:11,9.39,--,337,316480
11:12:06,9.39,0.01,142,134239
11:11:56,9.38,--,6,5628
11:11:56,9.38,-0.01,241,226095
11:11:51,9.39,--,278,261943
11:11:46,9.39,-0.01,422,396258
11:11:36,9.4,--,401,376977
11:11:26,9.4,0.01,126,119342
11:11:16,9.39,-0.01,221,207556
11:11:11,9.4,--,322,302680
11:11:06,9.4,0.01,34,32862
11:11:01,9.39,--,22,20658
11:10:56,9.39,--,264,247896
11:10:46,9.39,--,118,110802
11:10:41,9.39,--,634,595326
11:10:31,9.39,--,108,101412
11:10:26,9.39,-0.01,141,132436
11:10:15,9.4,--,328,308320
11:10:10,9.4,--,288,271622
11:09:55,9.4,-0.01,504,473760
11:09:40,9.41,0.01,308,289828
11:09:35,9.4,-0.01,266,250040
11:09:25,9.41,0.01,75,70612
11:09:25,9.4,--,464,437062
11:09:10,9.4,-0.01,207,194617
11:09:05,9.41,0.01,318,300141
11:08:55,9.4,--,208,195520
11:08:45,9.4,-0.01,5,4737
11:08:40,9.41,0.01,186,175026
11:08:35,9.4,-0.01,78,74222
11:08:30,9.41,--,82,77162
11:08:20,9.41,0.06,673,633330
11:08:00,9.35,-0.06,3956,3699757
11:07:50,9.41,0.01,101,95078
11:07:45,9.4,--,440,413600
11:07:30,9.4,0.01,100,94902
11:07:25,9.39,-0.01,86,80754
11:07:25,9.4,--,27,25417
11:07:15,9.4,--,356,335542
11:07:15,9.4,--,126,118440
11:07:10,9.4,--,504,473760
11:07:00,9.4,--,487,457817
11:06:55,9.4,--,686,645742
11:06:45,9.4,--,623,585657
11:06:35,9.4,-0.01,368,345920
11:06:30,9.41,--,696,654936
11:06:25,9.41,--,168,158088
11:06:20,9.41,0.01,1096,1031336
11:06:15,9.4,-0.01,708,666422
11:06:10,9.41,-0.03,2479,2332776
11:05:55,9.44,--,604,570931
11:05:45,9.44,--,600,566400
11:05:40,9.44,-0.01,720,679680
11:05:35,9.45,0.01,548,517859
11:05:30,9.44,--,728,687232
11:05:25,9.44,--,250,236906
11:05:20,9.44,--,560,528866
11:05:15,9.44,0.02,474,448362
11:05:10,9.42,--,43,40543
11:05:05,9.42,-0.03,60,57424
11:04:55,9.45,0.05,2864,2706480
11:04:50,9.4,0.01,2409,2264497
11:04:40,9.39,-0.07,2358,2215063
11:04:35,9.46,0.05,1628,1540088
11:04:30,9.41,-0.02,70,65870
11:04:25,9.43,0.01,87,82078
11:04:20,9.42,-0.01,266,251476
11:04:15,9.43,0.04,10276,9690268
11:04:05,9.39,--,12296,11545944
11:04:00,9.39,-0.01,3295,3094042
11:03:45,9.4,0.02,998,938120
11:03:30,9.38,--,754,707252
11:03:25,9.38,0.01,1106,1038328
11:03:20,9.37,-0.01,10106,9469322
11:03:10,9.38,0.01,152,142576
11:03:05,9.37,--,265,248342
11:02:55,9.37,--,62,58093
11:02:50,9.37,--,614,576217
11:02:50,9.37,--,911,854469
11:02:35,9.37,--,548,513550
11:02:25,9.37,-0.01,454,425397
11:02:20,9.38,0.01,6385,5989242
11:02:10,9.37,--,486,456281
11:02:05,9.37,0.01,110,103069
11:02:00,9.36,-0.01,724,677664
11:01:55,9.37,--,360,337320
11:01:50,9.37,--,168,157416
11:01:45,9.37,0.01,240,224879
11:01:35,9.36,--,73,68365
11:01:30,9.36,0.01,1394,1304784
11:01:25,9.35,-0.01,92,86917
11:01:20,9.36,0.01,460,430560
11:01:15,9.35,--,571,533922
11:01:05,9.35,--,142,133667
11:01:00,9.35,--,179,167402
11:00:50,9.35,--,218,204727
11:00:45,9.35,-0.01,487,455382
11:00:35,9.36,0.01,126,117936
11:00:30,9.35,--,260,243997
11:00:24,9.35,--,249,232852
11:00:14,9.35,--,172,161717
11:00:04,9.35,--,140,130900
10:59:49,9.35,--,32,29920
10:59:49,9.35,--,100,93500
10:59:44,9.35,0.01,158,147730
10:59:34,9.34,-0.01,385,359627
10:59:19,9.35,--,24,23337
10:59:14,9.35,--,756,706860
10:58:59,9.35,--,34,31790
10:58:54,9.35,--,1213,1134192
10:58:44,9.35,--,142,132770
10:58:39,9.35,--,744,696537
10:58:29,9.35,-0.01,254,237490
10:58:24,9.36,--,144,134784
10:58:19,9.36,--,565,528877
10:58:19,9.36,--,98,91728
10:58:09,9.36,--,124,116064
10:58:04,9.36,--,320,299520
10:57:59,9.36,--,222,208690
10:57:54,9.36,--,123,115165
10:57:49,9.36,0.01,374,350064
10:57:39,9.35,-0.01,230,215050
10:57:34,9.36,0.01,870,815218
10:57:24,9.35,-0.01,22,20570
10:57:24,9.36,--,618,578448
10:57:09,9.36,--,24,22464
10:57:04,9.36,--,794,743184
10:56:54,9.36,0.01,200,187200
10:56:49,9.35,-0.01,584,546040
10:56:39,9.36,0.01,40,37440
10:56:34,9.35,-0.01,795,743362
10:56:24,9.36,--,30,28080
10:56:19,9.36,-0.01,106,100114
10:56:14,9.37,0.01,887,831156
10:56:09,9.36,--,382,357552
10:55:59,9.36,--,238,222768
10:55:59,9.36,--,1299,1216425
10:55:49,9.36,--,65,60877
10:55:44,9.36,-0.01,960,898560
10:55:34,9.37,0.01,506,475021
10:55:29,9.36,--,894,836784
10:55:19,9.36,-0.01,281,263053
10:55:14,9.37,0.01,952,892473
10:55:04,9.36,-0.01,218,204946
10:54:59,9.37,--,589,551930
10:54:54,9.37,0.01,1102,1032573
10:54:49,9.36,-0.01,1836,1719394
10:54:44,9.37,0.01,802,751473
10:54:39,9.36,--,1666,1559376
10:54:34,9.36,--,135,126397
10:54:29,9.36,--,200,187200
10:54:24,9.36,-0.01,2756,2580514
10:54:14,9.37,0.01,541,507779
10:53:54,9.36,--,654,612144
10:53:49,9.36,--,2708,2534688
10:53:34,9.36,0.01,200,187200
10:53:24,9.35,0.01,4244,3968140
10:53:14,9.34,-0.01,204,190536
10:53:09,9.35,--,308,288877
10:52:59,9.35,--,365,341312
10:52:49,9.35,0.01,512,478720
10:52:44,9.34,--,276,257784
10:52:34,9.34,0.01,790,737860
10:52:29,9.33,-0.01,14,13957
10:52:24,9.34,--,213,198979
10:52:19,9.34,--,104,97136
10:52:14,9.34,--,186,173724
10:52:04,9.34,0.01,370,346476
10:51:59,9.33,-0.01,334,311622
10:51:49,9.34,0.01,58,54172
10:51:44,9.33,--,218,203394
10:51:29,9.33,--,129,120394
10:51:24,9.33,--,60,56875
10:51:19,9.33,0.01,39,36424
10:51:14,9.32,--,142,133238
10:51:09,9.32,--,89,82985
10:50:59,9.32,0.01,1514,1411942
10:50:44,9.31,--,228,212268
10:50:29,9.31,--,83,77310
10:50:24,9.31,-0.01,544,506464
10:50:14,9.32,--,1158,1079256
10:50:08,9.32,--,30,28854
10:50:03,9.32,0.01,1392,1297344
10:49:53,9.31,--,236,219716
10:49:48,9.31,--,575,535362
10:49:48,9.31,--,72,67032
10:49:38,9.31,--,946,881619
10:49:28,9.31,--,265,246752
10:49:23,9.31,--,44,40964
10:49:18,9.31,--,666,620046
10:49:08,9.31,--,62,57722
10:49:03,9.31,--,1288,1199128
10:48:53,9.31,-0.01,416,388189
10:48:48,9.32,0.01,95,88577
10:48:43,9.31,--,898,836038
10:48:38,9.31,--,650,605150
10:48:33,9.31,-0.01,2234,2079854
10:48:18,9.32,--,608,566656
10:48:08,9.32,--,0,894
10:48:03,9.32,--,29,27065
10:47:58,9.32,-0.01,1786,1665446
10:47:48,9.33,0.01,52,48516
10:47:43,9.32,--,53,49433
10:47:38,9.32,-0.01,130,122054
10:47:33,9.33,0.01,120,111960
10:47:28,9.32,0.01,1080,1006560
10:47:23,9.31,--,746,694526
10:47:18,9.31,--,121,112688
10:47:13,9.31,--,728,677768
10:47:03,9.31,--,396,369569
10:46:58,9.31,-0.01,3754,3494974
10:46:48,9.32,0.01,35,32657
10:46:43,9.31,-0.02,1226,1142299
10:46:33,9.33,--,115,107332
10:46:28,9.33,0.01,350,326550
10:46:18,9.32,--,568,529376
10:46:13,9.32,--,2,2758
10:46:08,9.32,-0.01,676,630032
10:45:58,9.33,--,1231,1148560
10:45:43,9.33,--,362,338641
10:45:38,9.33,0.01,724,675492
10:45:28,9.32,-0.01,1236,1151952
10:45:23,9.33,--,239,223024
10:45:13,9.33,--,444,415147
10:45:08,9.33,-0.01,147,137188
10:44:58,9.34,0.01,644,601496
10:44:53,9.33,--,50,46650
10:44:48,9.33,-0.01,116,108228
10:44:38,9.34,--,180,169016
10:44:28,9.34,0.01,425,396987
10:44:23,9.33,-0.01,3394,3166602
10:44:13,9.34,--,1680,1570016
10:44:03,9.34,--,31,28991
10:43:58,9.34,--,558,522068
10:43:48,9.34,--,43,40199
10:43:43,9.34,-0.01,864,806976
10:43:33,9.35,--,48,45777
10:43:28,9.35,0.02,81,75772
10:43:18,9.33,-0.01,120,111960
10:43:13,9.34,--,460,429640
10:43:03,9.34,--,157,146638
10:42:58,9.34,0.01,1341,1252494
10:42:48,9.33,-0.01,289,269637
10:42:43,9.34,--,798,745332
10:42:33,9.34,--,157,146638
10:42:28,9.34,--,70,65380
10:42:23,9.34,-0.01,734,685556
10:42:08,9.35,--,837,782595
10:41:58,9.35,0.01,1094,1022890
10:41:53,9.34,0.01,381,355854
10:41:43,9.33,-0.01,44,41052
10:41:38,9.34,0.02,794,741596
10:41:28,9.32,-0.01,115,107180
10:41:28,9.33,-0.02,35,32655
10:41:13,9.35,0.02,684,639540
10:41:08,9.33,-0.02,45,41985
10:40:58,9.35,--,668,624580
10:40:53,9.35,--,2549,2383315
10:40:43,9.35,-0.01,682,637670
10:40:38,9.36,--,392,366912
10:40:28,9.36,--,534,499823
10:40:23,9.36,0.01,12,11232
10:40:13,9.35,--,634,592790
10:40:08,9.35,-0.01,27,25245
10:40:03,9.36,-0.01,1159,1084824
10:39:52,9.37,0.01,622,582814
10:39:47,9.36,--,400,374400
10:39:47,9.36,-0.01,693,648648
10:39:37,9.37,--,883,827370
10:39:32,9.37,--,319,298903
10:39:22,9.37,--,456,427271
10:39:17,9.37,--,208,194895
10:39:12,9.37,0.01,1382,1294934
10:39:02,9.36,--,4076,3815136
10:38:47,9.36,--,1481,1386216
10:38:42,9.36,-0.01,1043,976247
10:38:37,9.37,0.01,1195,1119715
10:38:22,9.36,--,227,212472
10:38:17,9.36,-0.01,333,311688
10:38:12,9.37,--,251,235186
10:38:02,9.37,0.01,539,505042
10:37:57,9.36,--,252,235872
10:37:47,9.36,-0.01,551,515735
10:37:32,9.37,0.01,3588,3361955
10:37:32,9.36,--,703,658008
10:37:27,9.36,--,481,450216
10:37:22,9.36,--,55,51480
10:37:17,9.36,--,195,182520
10:37:12,9.36,--,56,52416
10:37:07,9.36,--,1741,1629576
10:37:02,9.36,--,177,165672
10:36:57,9.36,--,2254,2109744
10:36:47,9.36,--,807,755352
10:36:37,9.36,0.01,810,758160
10:36:27,9.35,--,242,226270
10:36:22,9.35,--,315,294525
10:36:17,9.35,--,1423,1330505
10:36:12,9.35,--,553,517055
10:36:07,9.35,--,1614,1509090
10:35:57,9.35,--,142,132770
10:35:52,9.35,--,1040,972400
10:35:37,9.35,--,1385,1294975
10:35:37,9.35,0.01,2594,2425390
10:35:22,9.34,-0.01,935,873290
10:35:07,9.35,--,850,794750
10:35:02,9.35,--,189,176715
10:34:52,9.35,0.01,102,95370
10:34:47,9.34,0.01,2711,2532074
10:34:37,9.33,--,586,546738
10:34:32,9.33,-0.01,2053,1915747
10:34:32,9.34,0.01,668,624547
10:34:22,9.33,-0.01,739,689487
10:34:17,9.34,--,216,201744
10:34:12,9.34,--,407,380138
10:34:07,9.34,0.01,260,242840
10:34:02,9.33,--,51,47583
10:33:57,9.33,--,197,183801
10:33:52,9.33,--,974,908742
10:33:37,9.33,-0.01,103,96099
10:33:37,9.34,0.02,620,579080
10:33:27,9.32,-0.01,742,691544
10:33:17,9.33,-0.01,1146,1069218
10:33:07,9.34,0.02,632,590288
10:32:57,9.32,--,648,603936
10:32:47,9.32,--,469,437108
10:32:47,9.32,0.01,129,120228
10:32:32,9.31,-0.01,1708,1590148
10:32:22,9.32,--,442,411944
10:32:12,9.32,0.01,121,112772
10:32:07,9.31,0.01,312,290472
10:32:02,9.3,--,360,334800
10:31:52,9.3,--,97,90210
10:31:47,9.3,--,506,470580
10:31:37,9.3,--,184,171157
10:31:32,9.3,--,181,168330
10:31:27,9.3,0.01,333,309690
10:31:22,9.29,--,354,328865
10:31:17,9.29,--,69,64100
10:31:12,9.29,-0.02,15,13934
10:31:07,9.31,0.02,656,610736
10:31:07,9.29,-0.01,1058,982881
10:30:42,9.3,--,605,562650
10:30:42,9.3,--,709,659370
10:30:37,9.3,0.01,587,545910
10:30:32,9.29,-0.01,527,489582
10:30:22,9.3,-0.01,20,18600
10:30:17,9.31,0.01,1512,1407672
10:30:02,9.3,-0.01,2270,2111100
10:29:52,9.31,--,515,479465
10:29:47,9.31,--,644,599564
10:29:36,9.31,--,356,331436
10:29:31,9.31,-0.01,738,687078
10:29:26,9.32,0.01,25,23300
10:29:21,9.31,-0.01,278,258818
10:29:16,9.32,-0.01,926,863032
10:29:01,9.33,0.01,1077,1004841
10:28:51,9.32,-0.01,1286,1198552
10:28:46,9.33,-0.01,466,434778
10:28:31,9.34,0.01,175,163450
10:28:26,9.33,-0.01,306,285498
10:28:26,9.34,0.01,376,351184
10:28:21,9.33,-0.01,181,168873
10:28:16,9.34,--,1260,1176840
10:28:11,9.34,--,987,921858
10:28:06,9.34,-0.01,175,163450
10:28:01,9.35,0.01,338,316030
10:27:56,9.34,--,1022,954548
10:27:51,9.34,--,206,192404
10:27:46,9.34,-0.01,691,645394
10:27:41,9.35,0.01,366,342210
10:27:36,9.34,--,628,586552
10:27:31,9.34,--,221,206414
10:27:26,9.34,--,291,271794
10:27:21,9.34,--,744,694896
10:27:16,9.34,--,790,737860
10:27:11,9.34,--,373,348382
10:27:06,9.34,--,1257,1174038
10:26:56,9.34,--,1602,1496268
10:26:41,9.34,--,369,344646
10:26:36,9.34,--,1124,1049816
10:26:26,9.34,--,79,73786
10:26:21,9.34,-0.01,693,647262
10:26:16,9.35,0.01,719,672265
10:26:11,9.34,--,850,793900
10:26:06,9.34,0.01,827,772418
10:25:56,9.33,-0.02,271,252843
10:25:51,9.35,--,1394,1303390
10:25:36,9.35,--,1142,1067770
10:25:21,9.35,--,379,354365
10:25:16,9.35,-0.01,856,801182
10:25:11,9.36,0.01,824,771376
10:25:01,9.35,--,618,577830
10:24:51,9.35,0.01,782,731170
10:24:46,9.34,--,1670,1559780
10:24:31,9.34,-0.01,1182,1103988
10:24:21,9.35,--,207,193545
10:24:16,9.35,0.01,82,76670
10:24:11,9.34,-0.02,970,905980
10:24:01,9.36,0.01,483,452088
10:23:56,9.35,--,827,773245
10:23:51,9.35,--,213,199155
10:23:46,9.35,-0.01,919,859265
10:23:31,9.36,--,933,873288
10:23:26,9.36,-0.01,2133,1996487
10:23:16,9.37,--,1712,1604143
10:23:01,9.37,--,2072,1941463
10:22:46,9.37,--,2485,2328445
10:22:46,9.37,--,1029,964172
10:22:41,9.37,--,648,607176
10:22:31,9.37,--,661,619357
10:22:26,9.37,0.01,1143,1070991
10:22:21,9.36,-0.01,719,672984
10:22:16,9.37,0.01,230,215509
10:22:11,9.36,--,2623,2455128
10:21:56,9.36,--,6652,6226272
10:21:51,9.36,--,2468,2310048
10:21:41,9.36,--,318,297648
10:21:36,9.36,0.01,3844,3597984
10:21:31,9.35,--,892,834020
10:21:21,9.35,--,164,153340
10:21:16,9.35,-0.02,1069,999515
10:21:06,9.37,0.02,4655,4361735
10:21:01,9.35,-0.01,4307,4027045
10:20:46,9.36,0.01,5393,5047848
10:20:41,9.35,--,4384,4099040
10:20:36,9.35,-0.01,1508,1410204
10:20:31,9.36,--,1193,1116648
10:20:21,9.36,0.03,6178,5783319
10:20:21,9.33,-0.01,1683,1570239
10:20:11,9.34,--,2242,2094028
10:20:01,9.34,-0.01,1253,1170302
10:19:56,9.35,0.01,4205,3931675
10:19:45,9.34,--,5030,4698020
10:19:35,9.34,--,2601,2429334
10:19:30,9.34,-0.01,965,901310
10:19:25,9.35,0.01,5134,4800290
10:19:15,9.34,0.01,1097,1025046
10:19:10,9.33,0.01,2575,2402512
10:19:00,9.32,--,644,600208
10:18:50,9.32,0.02,2842,2648744
10:18:45,9.3,--,22,21352
10:18:40,9.3,0.01,4917,4573144
10:18:35,9.29,0.01,3098,2878041
10:18:25,9.28,--,4275,3967199
10:18:10,9.28,--,585,542880
10:18:05,9.28,0.01,2147,1992415
10:17:55,9.27,--,226,209502
10:17:45,9.27,--,174,161298
10:17:45,9.27,--,445,412515
10:17:40,9.27,0.01,810,750870
10:17:35,9.26,-0.01,628,581528
10:17:30,9.27,0.01,1193,1105911
10:17:25,9.26,--,99,91674
10:17:20,9.26,--,166,153716
10:17:15,9.26,--,203,187978
10:17:10,9.26,--,317,293542
10:17:05,9.26,--,36,33336
10:17:00,9.26,0.01,93,86118
10:16:55,9.25,-0.01,1291,1194175
10:16:55,9.26,-0.01,121,112527
10:16:45,9.27,--,510,473659
10:16:35,9.27,--,52,48204
10:16:30,9.27,-0.01,378,350406
10:16:20,9.28,0.01,132,122495
10:16:20,9.27,-0.01,239,221590
10:16:05,9.28,--,792,734976
10:16:00,9.28,-0.01,1756,1630458
10:15:50,9.29,0.01,659,612248
10:15:45,9.28,-0.01,130,120639
10:15:40,9.29,--,1284,1193727
10:15:30,9.29,--,518,481221
10:15:25,9.29,0.01,1140,1059060
10:15:20,9.28,--,250,231999
10:15:10,9.28,0.01,981,910405
10:15:00,9.27,--,2126,1971691
10:14:55,9.27,--,356,330012
10:14:45,9.27,--,524,485748
10:14:40,9.27,0.01,247,229006
10:14:30,9.26,0.01,1068,989856
10:14:25,9.25,-0.01,207,191512
10:14:15,9.26,0.01,1200,1112088
10:14:10,9.25,0.01,614,567950
10:14:00,9.24,--,15,13896
10:13:55,9.24,0.02,452,418535
10:13:45,9.22,-0.01,624,575328
10:13:40,9.23,--,808,745784
10:13:30,9.23,0.01,455,420001
10:13:30,9.22,--,1032,952389
10:13:20,9.22,--,103,95002
10:13:15,9.22,--,2668,2460781
10:13:10,9.22,--,57,52590
10:13:05,9.22,--,1360,1253920
10:12:55,9.22,--,684,630648
10:12:45,9.22,-0.01,412,380749
10:12:40,9.23,--,566,522418
10:12:35,9.23,--,446,411658
10:12:25,9.23,--,2780,2565940
10:12:20,9.23,-0.01,646,596258
10:12:10,9.24,--,355,328056
10:12:05,9.24,-0.01,1904,1759296
10:11:55,9.25,--,314,291338
10:11:50,9.25,--,478,442150
10:11:40,9.25,--,130,120250
10:11:35,9.25,-0.01,1758,1626150
10:11:25,9.26,--,346,320396
10:11:20,9.26,0.01,536,496336
10:11:15,9.25,-0.01,765,707662
10:11:10,9.26,--,294,273132
10:11:05,9.26,--,886,820436
10:11:00,9.26,--,1722,1594572
10:10:50,9.26,-0.01,788,729688
10:10:45,9.27,-0.01,2791,2587294
10:10:35,9.28,--,326,302528
10:10:30,9.28,--,1302,1209146
10:10:20,9.28,--,185,171717
10:10:20,9.28,--,834,774842
10:10:05,9.28,-0.01,591,548485
10:10:00,9.29,--,564,524847
10:09:49,9.29,--,108,100331
10:09:44,9.29,--,784,728335
10:09:34,9.29,--,66,61313
10:09:29,9.29,0.01,899,835208
10:09:24,9.28,--,1316,1222138
10:09:19,9.28,-0.01,1062,985535
10:09:09,9.29,--,269,249938
10:09:04,9.29,0.02,720,668879
10:08:54,9.27,-0.01,442,410623
10:08:49,9.28,-0.01,1268,1177186
10:08:39,9.29,0.01,445,413404
10:08:39,9.28,-0.01,250,231999
10:08:24,9.29,0.02,2119,1969034
10:08:19,9.27,-0.01,790,732330
10:08:09,9.28,--,953,884495
10:08:04,9.28,--,332,308096
10:07:54,9.28,0.02,248,230960
10:07:49,9.26,-0.01,864,800064
10:07:44,9.27,-0.01,3268,3030325
10:07:34,9.28,-0.01,4886,4534208
10:07:24,9.29,0.01,425,394862
10:07:19,9.28,--,800,742400
10:07:09,9.28,--,202,187456
10:07:04,9.28,0.03,817,758435
10:06:54,9.25,--,140,129500
10:06:49,9.25,--,583,539275
10:06:44,9.25,--,2206,2040550
10:06:34,9.25,--,229,211825
10:06:29,9.25,--,383,354275
10:06:19,9.25,--,588,543900
10:06:14,9.25,--,200,185000
10:06:09,9.25,0.01,137,126725
10:06:04,9.24,-0.02,1654,1528296
10:05:59,9.26,-0.01,1666,1542716
10:05:49,9.27,-0.01,1089,1009503
10:05:44,9.28,-0.01,1356,1258368
10:05:34,9.29,--,7971,7405504
10:05:29,9.29,--,1731,1608136
10:05:19,9.29,-0.01,464,431055
10:05:14,9.3,0.01,910,847192
10:05:09,9.29,-0.01,750,696749
10:04:59,9.3,0.01,281,261367
10:04:54,9.29,--,542,503517
10:04:54,9.29,--,691,642384
10:04:44,9.29,--,918,852821
10:04:34,9.29,--,2548,2367092
10:04:29,9.29,--,370,343729
10:04:24,9.29,0.01,2175,2020574
10:04:14,9.28,-0.01,2025,1879199
10:03:59,9.29,--,1263,1173327
10:03:54,9.29,0.02,4621,4292909
10:03:44,9.27,-0.01,1483,1374741
10:03:39,9.28,-0.01,581,539168
10:03:29,9.29,--,1025,952224
10:03:29,9.29,--,1161,1078569
10:03:14,9.29,-0.01,1150,1068350
10:03:09,9.3,-0.01,1203,1118790
10:03:04,9.31,-0.02,2143,1995133
10:02:54,9.33,--,953,889149
10:02:44,9.33,-0.01,1142,1065486
10:02:39,9.34,0.01,1407,1314138
10:02:34,9.33,-0.01,2569,2396877
10:02:29,9.34,0.01,393,367062
10:02:24,9.33,-0.04,671,626043
10:02:19,9.37,0.03,1975,1850574
10:02:14,9.34,-0.02,1196,1117064
10:02:04,9.36,-0.01,1567,1466712
10:01:54,9.37,0.05,2353,2204761
10:01:49,9.32,-0.02,6231,5807292
10:01:39,9.34,0.01,1495,1396330
10:01:34,9.33,0.01,2549,2378217
10:01:24,9.32,0.04,415,386780
10:01:19,9.28,-0.01,6841,6348448
10:01:09,9.29,0.02,11915,11069034
10:01:04,9.27,0.01,1108,1027116
10:00:54,9.26,--,668,618568
10:00:49,9.26,0.01,1119,1036194
10:00:44,9.25,--,982,908350
10:00:44,9.25,0.02,1771,1638175
10:00:34,9.23,-0.01,318,293514
10:00:29,9.24,0.02,11021,10183404
10:00:24,9.22,-0.01,470,433340
10:00:19,9.23,-0.01,14345,13240435
10:00:04,9.24,-0.01,1468,1356432
09:59:49,9.25,--,6402,5921850
09:59:33,9.25,--,866,801050
09:59:28,9.25,0.02,5493,5081025
09:59:18,9.23,-0.02,994,917462
09:59:13,9.25,--,2673,2472525
09:59:03,9.25,0.02,3524,3259700
09:58:58,9.23,--,336,310128
09:58:53,9.23,-0.02,1453,1341119
09:58:48,9.25,0.03,2226,2059346
09:58:43,9.22,--,5656,5214832
09:58:38,9.22,-0.01,959,884198
09:58:33,9.23,0.02,288,265824
09:58:28,9.21,0.02,724,666804
09:58:23,9.19,-0.01,1954,1796516
09:58:13,9.2,0.02,2575,2369000
09:58:08,9.18,-0.02,636,583848
09:57:58,9.2,0.01,907,834439
09:57:53,9.19,-0.01,5763,5296197
09:57:43,9.2,-0.01,384,353280
09:57:38,9.21,--,565,520365
09:57:33,9.21,-0.01,2279,2098959
09:57:28,9.22,-0.01,5827,5372494
09:57:13,9.23,-0.01,1313,1211899
09:57:08,9.24,--,2784,2572416
09:57:03,9.24,-0.01,3408,3148992
09:56:58,9.25,-0.01,2455,2270875
09:56:53,9.26,0.01,6572,6085672
09:56:38,9.25,--,1315,1216375
09:56:33,9.25,0.02,3203,2962775
09:56:23,9.23,-0.02,2024,1868152
09:56:13,9.25,0.02,1897,1754725
09:56:08,9.23,0.01,3386,3125278
09:55:58,9.22,-0.03,2861,2637842
09:55:43,9.25,0.05,4081,3774925
09:55:43,9.2,--,2259,2078279
09:55:38,9.2,0.01,3492,3212639
09:55:28,9.19,0.04,2475,2274525
09:55:18,9.15,0.02,1888,1727520
09:55:13,9.13,-0.01,1700,1552100
09:55:03,9.14,0.02,1915,1750310
09:54:58,9.12,0.02,5114,4663968
09:54:48,9.1,0.03,4732,4306120
09:54:43,9.07,--,4841,4390787
09:54:38,9.07,0.01,2575,2335525
09:54:33,9.06,--,889,805705
09:54:28,9.06,-0.01,2945,2668170
09:54:23,9.07,0.02,1601,1452107
09:54:13,9.05,--,1091,987355
09:53:58,9.05,-0.01,1277,1155685
09:53:53,9.06,0.01,1670,1513020
09:53:43,9.05,-0.01,920,832600
09:53:28,9.06,--,56,50736
09:53:23,9.06,0.01,536,485616
09:53:13,9.05,-0.01,4005,3624525
09:53:08,9.06,--,335,303510
09:52:58,9.06,--,879,796374
09:52:53,9.06,0.01,612,554472
09:52:43,9.05,-0.01,890,805450
09:52:33,9.06,--,925,838050
09:52:33,9.06,--,126,114156
09:52:28,9.06,--,652,590712
09:52:23,9.06,0.02,1414,1281084
09:52:18,9.04,-0.02,449,405895
09:52:08,9.06,--,1341,1214946
09:52:03,9.06,0.01,1228,1112568
09:51:53,9.05,--,2819,2551195
09:51:48,9.05,0.01,1243,1124915
09:51:38,9.04,-0.01,667,602968
09:51:28,9.05,0.01,1368,1238040
09:51:23,9.04,0.01,2296,2075583
09:51:08,9.03,--,2884,2604252
09:51:03,9.03,--,51,46053
09:50:58,9.03,--,216,195048
09:50:53,9.03,--,134,121001
09:50:48,9.03,0.01,468,422603
09:50:43,9.02,--,187,168674
09:50:38,9.02,--,1133,1021966
09:50:33,9.02,-0.01,1730,1560460
09:50:23,9.03,0.01,361,325983
09:50:18,9.02,--,494,445588
09:50:13,9.02,--,391,352682
09:50:08,9.02,--,5,4510
09:50:03,9.02,0.04,10070,9083717
09:49:58,8.98,0.01,168,150864
09:49:53,8.97,-0.01,93,83421
09:49:48,8.98,--,169,151762
09:49:43,8.98,--,418,375364
09:49:32,8.98,--,901,809098
09:49:17,8.98,0.01,100,89800
09:49:12,8.97,--,630,565110
09:49:02,8.97,--,682,611754
09:48:57,8.97,--,1530,1372410
09:48:47,8.97,--,156,139932
09:48:42,8.97,--,360,322920
09:48:32,8.97,--,346,310362
09:48:27,8.97,--,244,218868
09:48:22,8.97,--,358,321126
09:48:12,8.97,--,113,101361
09:48:07,8.97,--,503,451191
09:48:02,8.97,--,319,286143
09:47:57,8.97,--,203,182091
09:47:52,8.97,--,320,287040
09:47:42,8.97,--,413,370461
09:47:37,8.97,-0.01,615,551655
09:47:32,8.98,0.01,233,209234
09:47:27,8.97,-0.01,158,141726
09:47:22,8.98,0.01,348,312504
09:47:22,8.97,--,438,392886
09:47:17,8.97,--,623,558831
09:47:07,8.97,--,116,104052
09:46:57,8.97,--,26,23322
09:46:57,8.97,--,220,197340
09:46:52,8.97,--,586,525642
09:46:47,8.97,--,364,326508
09:46:37,8.97,--,516,462852
09:46:32,8.97,0.01,14,12558
09:46:22,8.96,--,177,158592
09:46:07,8.96,--,2759,2472064
09:46:07,8.96,-0.01,480,430080
09:46:02,8.97,0.01,761,682617
09:45:52,8.96,--,231,206976
09:45:47,8.96,-0.01,1090,976640
09:45:37,8.97,0.01,770,690690
09:45:32,8.96,--,1082,969472
09:45:22,8.96,-0.01,140,125440
09:45:17,8.97,--,422,378534
09:45:07,8.97,0.01,347,311259
09:45:02,8.96,-0.01,158,141568
09:44:57,8.97,--,834,748098
09:44:47,8.97,--,593,531921
09:44:47,8.97,--,273,244881
09:44:27,8.97,--,35,31395
09:44:22,8.97,--,777,696969
09:44:12,8.97,--,1189,1066533
09:43:57,8.97,--,710,636870
09:43:42,8.97,--,105,94185
09:43:37,8.97,--,5,4485
09:43:32,8.97,--,141,126477
09:43:22,8.97,0.01,126,113022
09:43:17,8.96,-0.01,5189,4649344
09:43:07,8.97,0.01,269,241293
09:43:02,8.96,-0.01,583,522368
09:42:52,8.97,0.01,655,587535
09:42:42,8.96,--,120,107520
09:42:42,8.96,--,153,137088
09:42:37,8.96,--,65,58240
09:42:32,8.96,--,1250,1120000
09:42:22,8.96,0.01,512,458752
09:42:17,8.95,--,179,160205
09:42:07,8.95,--,100,89500
09:42:02,8.95,0.01,486,434969
09:41:47,8.94,-0.01,57,50958
09:41:42,8.95,0.01,48,42960
09:41:32,8.94,--,318,284309
09:41:27,8.94,--,118,105492
09:41:22,8.94,0.01,366,327204
09:41:17,8.93,-0.01,85,75905
09:41:12,8.94,--,225,201150
09:41:02,8.94,--,203,181482
09:40:57,8.94,--,15,13410
09:40:47,8.94,-0.01,1551,1387470
09:40:27,8.95,--,181,162603
09:40:17,8.95,-0.01,115,102924
09:40:12,8.96,0.01,1292,1157632
09:40:01,8.95,--,96,85920
09:39:56,8.95,--,1436,1285220
09:39:51,8.95,--,447,400064
09:39:41,8.95,--,320,286400
09:39:36,8.95,--,130,116349
09:39:26,8.95,--,872,780439
09:39:16,8.95,--,682,610390
09:39:11,8.95,--,1420,1270900
09:38:56,8.95,-0.01,15,13424
09:38:51,8.96,--,31,27776
09:38:41,8.96,0.01,10,8960
09:38:36,8.95,-0.01,1125,1006874
09:38:31,8.96,--,82,73472
09:38:26,8.96,--,113,101248
09:38:21,8.96,--,25,22400
09:38:16,8.96,-0.01,250,224000
09:38:11,8.97,0.01,539,483483
09:38:06,8.96,--,413,370048
09:37:56,8.96,-0.01,668,598850
09:37:51,8.97,0.01,1197,1073709
09:37:41,8.96,-0.01,9,8064
09:37:36,8.97,--,226,202739
09:37:31,8.97,--,175,156975
09:37:26,8.97,0.01,795,713115
09:37:21,8.96,-0.01,470,421120
09:37:11,8.97,--,54,48438
09:37:06,8.97,--,881,790257
09:36:51,8.97,--,145,130065
09:36:46,8.97,--,929,833313
09:36:36,8.97,0.01,14,13114
09:36:36,8.96,--,32,28672
09:36:31,8.96,0.01,417,373632
09:36:21,8.95,--,732,655426
09:36:16,8.95,--,352,315040
09:36:06,8.95,0.01,221,197794
09:36:01,8.94,--,2899,2591723
09:35:51,8.94,0.01,488,436272
09:35:46,8.93,--,1254,1119822
09:35:41,8.93,-0.01,176,157168
09:35:36,8.94,0.01,117,104598
09:35:31,8.93,-0.01,594,530442
09:35:26,8.94,0.01,149,133206
09:35:16,8.93,-0.01,241,215213
09:35:11,8.94,--,229,204726
09:35:01,8.94,--,538,480972
09:34:46,8.94,--,116,103704
09:34:46,8.94,0.01,417,372798
09:34:31,8.93,-0.01,106,94658
09:34:26,8.94,0.01,397,354918
09:34:11,8.93,--,31,27683
09:34:06,8.93,--,133,118769
09:34:01,8.93,--,184,164312
09:33:56,8.93,--,210,187530
09:33:51,8.93,--,16,14288
09:33:46,8.93,-0.01,21,18753
09:33:41,8.94,-0.01,202,180588
09:33:31,8.95,--,522,467189
09:33:26,8.95,--,1174,1051338
09:33:16,8.95,--,145,129774
09:33:11,8.95,--,413,369634
09:33:06,8.95,--,152,136040
09:33:06,8.95,--,57,51014
09:32:56,8.95,0.03,3446,3084456
09:32:51,8.92,--,542,484070
09:32:41,8.92,--,106,94552
09:32:36,8.92,-0.01,283,252436
09:32:31,8.93,0.01,80,71440
09:32:26,8.92,-0.01,532,474544
09:32:21,8.93,--,1905,1701450
09:31:51,8.93,--,1576,1407975
09:31:36,8.93,--,1341,1197513
09:31:16,8.93,-0.02,287,256291
09:31:11,8.95,--,546,488669
09:31:01,8.95,-0.01,205,183474
09:30:56,8.96,--,377,337792
09:30:46,8.96,0.01,905,810880
09:30:41,8.95,-0.01,293,262235
09:30:36,8.96,--,300,268800
09:30:31,8.96,--,356,318976
09:30:21,8.96,0.01,40,35840
09:30:16,8.95,--,1075,962124
09:30:11,8.95,0.03,5535,4954308
09:25:15,8.92,8.92,583,520036

